company_id,company_name,gstin,state,industry
CMP0001,Apex Suppliers 0001 Pvt Ltd,36JI0Y6DPBHS1ZA,Telangana,IT Services
CMP0002,Green Solutions 0002 Pvt Ltd,33HV3A3ZMF8M1ZC,Tamil Nadu,Construction
CMP0003,Vijaya Works 0003 Pvt Ltd,36MJBQE7CKW51ZL,Telangana,Wholesale
CMP0004,Prime Industries 0004 Pvt Ltd,33X1945NQ4FM1ZV,Tamil Nadu,Electronics
CMP0005,Eastern Suppliers 0005 Pvt Ltd,36G0FN9XUY411ZH,Telangana,Manufacturing
CMP0006,Vertex Traders 0006 Pvt Ltd,24C6UZHR5XFF1ZX,Gujarat,IT Services
CMP0007,National Suppliers 0007 Pvt Ltd,08V6OH9SDBDW1ZZ,Rajasthan,Construction
CMP0008,Prime Solutions 0008 Pvt Ltd,09N9T84AZYTJ1ZU,Uttar Pradesh,Pharmaceuticals
CMP0009,National Solutions 0009 Pvt Ltd,36FAZZ81SDW41ZQ,Telangana,Wholesale
CMP0010,Global Traders 0010 Pvt Ltd,331T2TALA7531ZJ,Tamil Nadu,Automotive
CMP0011,Sri Manufacturing 0011 Pvt Ltd,378DRC11ERTJ1ZT,Andhra Pradesh,Construction
CMP0012,Green Works 0012 Pvt Ltd,330HL9XPSEIM1ZS,Tamil Nadu,IT Services
CMP0013,Eastern Enterprises 0013 Pvt Ltd,33AZCCBLSKRT1ZX,Tamil Nadu,Wholesale
CMP0014,Blue Enterprises 0014 Pvt Ltd,0923GDPPQ0Y91ZD,Uttar Pradesh,Manufacturing
CMP0015,Vijaya Works 0015 Pvt Ltd,075IGQPKI7P51ZR,Delhi,Textiles
CMP0016,Green Works 0016 Pvt Ltd,37AD1IOR56FA1ZM,Andhra Pradesh,Electronics
CMP0017,National Solutions 0017 Pvt Ltd,19Z02XRGHC0C1ZK,West Bengal,Manufacturing
CMP0018,Eastern Solutions 0018 Pvt Ltd,37S4F8CGVYIE1ZS,Andhra Pradesh,Automotive
CMP0019,Eastern Industries 0019 Pvt Ltd,09WPVS7HZIOY1ZJ,Uttar Pradesh,Logistics
CMP0020,Prime Industries 0020 Pvt Ltd,24Q99CHJ755N1ZF,Gujarat,Logistics
CMP0021,National Manufacturing 0021 Pvt Ltd,0893TYT7D5J61ZX,Rajasthan,IT Services
CMP0022,National Traders 0022 Pvt Ltd,29VZHWJR64DP1ZI,Karnataka,Manufacturing
CMP0023,Vijaya Works 0023 Pvt Ltd,37E9FPZUE8YF1ZB,Andhra Pradesh,Pharmaceuticals
CMP0024,Green Enterprises 0024 Pvt Ltd,09PBN78BMYYM1ZR,Uttar Pradesh,Construction
CMP0025,Global Enterprises 0025 Pvt Ltd,095935A0L7251ZZ,Uttar Pradesh,Automotive
CMP0026,Global Works 0026 Pvt Ltd,27ZNBQH7M35I1ZV,Maharashtra,Automotive
CMP0027,Vijaya Traders 0027 Pvt Ltd,0758KXO9T7E81ZF,Delhi,Wholesale
CMP0028,Apex Industries 0028 Pvt Ltd,27VM2P9E6GBP1ZQ,Maharashtra,IT Services
CMP0029,Vijaya Solutions 0029 Pvt Ltd,33CXLL4ZKLOO1ZJ,Tamil Nadu,IT Services
CMP0030,Sri Solutions 0030 Pvt Ltd,29XN0GUO4KH21ZT,Karnataka,Pharmaceuticals
CMP0031,Blue Solutions 0031 Pvt Ltd,19YS280XKXWD1ZY,West Bengal,Automotive
CMP0032,Sri Works 0032 Pvt Ltd,27HAIR4COWGZ1ZP,Maharashtra,Construction
CMP0033,Global Suppliers 0033 Pvt Ltd,33Y6452H2ZQU1ZD,Tamil Nadu,Logistics
CMP0034,Blue Suppliers 0034 Pvt Ltd,29TUL1P36P6Q1ZF,Karnataka,Logistics
CMP0035,National Works 0035 Pvt Ltd,19IW1SWJCKJL1ZR,West Bengal,Textiles
CMP0036,Global Enterprises 0036 Pvt Ltd,29NFHOLQC3O11ZW,Karnataka,Manufacturing
CMP0037,Vertex Solutions 0037 Pvt Ltd,09AM148P0TVH1ZH,Uttar Pradesh,Electronics
CMP0038,Blue Industries 0038 Pvt Ltd,07NY20479T6V1ZV,Delhi,Manufacturing
CMP0039,Vertex Enterprises 0039 Pvt Ltd,365GJLQM5K8P1ZC,Telangana,Logistics
CMP0040,Green Industries 0040 Pvt Ltd,379MX2X18HAF1ZE,Andhra Pradesh,Logistics
CMP0041,Eastern Enterprises 0041 Pvt Ltd,36QJNV8Z2FLU1ZJ,Telangana,Wholesale
CMP0042,Vertex Suppliers 0042 Pvt Ltd,07HV3IZKY22U1ZB,Delhi,Pharmaceuticals
CMP0043,Vertex Suppliers 0043 Pvt Ltd,08NSM43D8W3Z1ZN,Rajasthan,Food Processing
CMP0044,National Manufacturing 0044 Pvt Ltd,083TRP0J43D51ZH,Rajasthan,Logistics
CMP0045,Eastern Suppliers 0045 Pvt Ltd,09NB4GH2M5ZJ1ZA,Uttar Pradesh,IT Services
CMP0046,Prime Enterprises 0046 Pvt Ltd,33ZR1YXR2DHY1ZJ,Tamil Nadu,Wholesale
CMP0047,Blue Manufacturing 0047 Pvt Ltd,24TP0LZJJEGE1ZR,Gujarat,Food Processing
CMP0048,Sri Suppliers 0048 Pvt Ltd,33R09SKDGIGA1ZR,Tamil Nadu,Food Processing
CMP0049,Apex Industries 0049 Pvt Ltd,27TZE5R5UQPG1ZB,Maharashtra,Electronics
CMP0050,Prime Works 0050 Pvt Ltd,19CRUYF38DIU1ZN,West Bengal,Wholesale
CMP0051,Eastern Enterprises 0051 Pvt Ltd,091N6KVPUC8D1ZY,Uttar Pradesh,Automotive
CMP0052,National Suppliers 0052 Pvt Ltd,33CITFOYQBKK1ZO,Tamil Nadu,Textiles
CMP0053,National Works 0053 Pvt Ltd,332V2HEIFJFC1ZZ,Tamil Nadu,Electronics
CMP0054,Eastern Traders 0054 Pvt Ltd,09PQKOJTPV601ZT,Uttar Pradesh,Electronics
CMP0055,Prime Enterprises 0055 Pvt Ltd,3784U89YJB1Q1ZU,Andhra Pradesh,Logistics
CMP0056,Global Manufacturing 0056 Pvt Ltd,27P38QOLDFOR1ZV,Maharashtra,Construction
CMP0057,Apex Solutions 0057 Pvt Ltd,08DJE153A5QB1ZQ,Rajasthan,Pharmaceuticals
CMP0058,Blue Suppliers 0058 Pvt Ltd,09PBJEK5RBW21ZW,Uttar Pradesh,Food Processing
CMP0059,Green Industries 0059 Pvt Ltd,27TD96QE3RZS1ZI,Maharashtra,Construction
CMP0060,Blue Enterprises 0060 Pvt Ltd,19QFGV0EC14M1ZZ,West Bengal,IT Services
CMP0061,Apex Traders 0061 Pvt Ltd,2704UX5QRL1N1ZK,Maharashtra,Automotive
CMP0062,Eastern Solutions 0062 Pvt Ltd,33I1B0Z3NX391ZP,Tamil Nadu,Manufacturing
CMP0063,Green Manufacturing 0063 Pvt Ltd,29LD4D6AF58C1ZZ,Karnataka,Electronics
CMP0064,Eastern Suppliers 0064 Pvt Ltd,24OCLYT8W5RT1ZT,Gujarat,Textiles
CMP0065,National Enterprises 0065 Pvt Ltd,330PDW5PY6B21ZJ,Tamil Nadu,Pharmaceuticals
CMP0066,Vertex Enterprises 0066 Pvt Ltd,24IOYGGVNYRU1ZH,Gujarat,Logistics
CMP0067,Blue Traders 0067 Pvt Ltd,27Y6QKTC89K81ZW,Maharashtra,Electronics
CMP0068,National Enterprises 0068 Pvt Ltd,1994DNMKZA3O1ZA,West Bengal,Wholesale
CMP0069,Eastern Suppliers 0069 Pvt Ltd,37R6K2VMWWYZ1ZV,Andhra Pradesh,Food Processing
CMP0070,Apex Traders 0070 Pvt Ltd,362BNE6LOH251ZL,Telangana,IT Services
CMP0071,National Works 0071 Pvt Ltd,08F678K52QC11ZH,Rajasthan,Construction
CMP0072,Vijaya Industries 0072 Pvt Ltd,082ATQYYV37D1ZH,Rajasthan,Logistics
CMP0073,Eastern Manufacturing 0073 Pvt Ltd,37LVXWQZXEBB1ZP,Andhra Pradesh,Textiles
CMP0074,Sri Manufacturing 0074 Pvt Ltd,36EQY08P0FOD1ZP,Telangana,Wholesale
CMP0075,National Industries 0075 Pvt Ltd,07YHQIN9N6XC1ZI,Delhi,Automotive
CMP0076,Blue Industries 0076 Pvt Ltd,36XXVA2IEUC11ZG,Telangana,Wholesale
CMP0077,Sri Traders 0077 Pvt Ltd,3312VJ99T2D51ZE,Tamil Nadu,Manufacturing
CMP0078,Sri Manufacturing 0078 Pvt Ltd,24LGB0S0R2SD1ZQ,Gujarat,Automotive
CMP0079,Apex Suppliers 0079 Pvt Ltd,0925SQ8CROYR1ZO,Uttar Pradesh,Textiles
CMP0080,Vijaya Manufacturing 0080 Pvt Ltd,36FEWVZNVKSP1ZZ,Telangana,Textiles
CMP0081,Sri Solutions 0081 Pvt Ltd,08QIMQODPXNF1ZP,Rajasthan,Textiles
CMP0082,Prime Industries 0082 Pvt Ltd,36P0NEC8UYO51ZY,Telangana,Construction
CMP0083,National Manufacturing 0083 Pvt Ltd,37LDSFR4MUEK1ZH,Andhra Pradesh,Construction
CMP0084,Eastern Manufacturing 0084 Pvt Ltd,08YUVXYBJ17M1ZF,Rajasthan,Food Processing
CMP0085,Vertex Industries 0085 Pvt Ltd,09FWB0HPMNZ11ZS,Uttar Pradesh,Wholesale
CMP0086,Apex Enterprises 0086 Pvt Ltd,36FWYJXRPJ1E1ZN,Telangana,Textiles
CMP0087,Eastern Solutions 0087 Pvt Ltd,27SLH9BH811K1ZD,Maharashtra,Manufacturing
CMP0088,Vertex Enterprises 0088 Pvt Ltd,19ETIUYMO0PQ1ZC,West Bengal,Pharmaceuticals
CMP0089,Vertex Manufacturing 0089 Pvt Ltd,09OXKO8G8QYN1ZN,Uttar Pradesh,Textiles
CMP0090,Vertex Manufacturing 0090 Pvt Ltd,33OC50H2CWTG1ZY,Tamil Nadu,Pharmaceuticals
CMP0091,Global Enterprises 0091 Pvt Ltd,24DJGF1C8WQU1ZS,Gujarat,Logistics
CMP0092,Eastern Traders 0092 Pvt Ltd,095WFCPKJCSL1ZO,Uttar Pradesh,Manufacturing
CMP0093,Vijaya Works 0093 Pvt Ltd,37KX9DVNU80B1ZZ,Andhra Pradesh,Wholesale
CMP0094,Vijaya Manufacturing 0094 Pvt Ltd,33RFCD6MZSGI1ZO,Tamil Nadu,Logistics
CMP0095,Green Manufacturing 0095 Pvt Ltd,08FNKOMV2XCD1ZV,Rajasthan,Construction
CMP0096,National Suppliers 0096 Pvt Ltd,2748VFCX7LXX1ZE,Maharashtra,Wholesale
CMP0097,National Manufacturing 0097 Pvt Ltd,36N23Y30YSXP1ZL,Telangana,Manufacturing
CMP0098,National Enterprises 0098 Pvt Ltd,248M1G9FK2ST1ZX,Gujarat,IT Services
CMP0099,Vijaya Works 0099 Pvt Ltd,37WVFGYW6ZBN1ZX,Andhra Pradesh,Automotive
CMP0100,Eastern Traders 0100 Pvt Ltd,1912II826GYU1ZO,West Bengal,Logistics
CMP0101,Vertex Manufacturing 0101 Pvt Ltd,27S832EJX5TD1ZQ,Maharashtra,Textiles
CMP0102,Prime Works 0102 Pvt Ltd,27FQS3D6357O1ZM,Maharashtra,IT Services
CMP0103,Sri Solutions 0103 Pvt Ltd,249NB74X2EK31ZW,Gujarat,Food Processing
CMP0104,Blue Manufacturing 0104 Pvt Ltd,19ACJ4T0SEKK1ZB,West Bengal,Automotive
CMP0105,Eastern Solutions 0105 Pvt Ltd,07C4RTWUZKAM1ZS,Delhi,Construction
CMP0106,Prime Manufacturing 0106 Pvt Ltd,299CSS9TOQW91ZI,Karnataka,Manufacturing
CMP0107,Prime Traders 0107 Pvt Ltd,24IXDU1EMMX31ZV,Gujarat,Logistics
CMP0108,Global Works 0108 Pvt Ltd,19EZ7BH25LLO1ZR,West Bengal,Logistics
CMP0109,Apex Works 0109 Pvt Ltd,27XK5BXJ2POP1ZM,Maharashtra,Pharmaceuticals
CMP0110,Blue Suppliers 0110 Pvt Ltd,29R7S20CV3TL1ZC,Karnataka,Pharmaceuticals
CMP0111,National Solutions 0111 Pvt Ltd,27VPYMB5M9J91ZB,Maharashtra,Textiles
CMP0112,Vijaya Manufacturing 0112 Pvt Ltd,072Y8FV2BC2N1ZM,Delhi,Wholesale
CMP0113,Eastern Enterprises 0113 Pvt Ltd,37Y8N1UTOXIE1ZX,Andhra Pradesh,Food Processing
CMP0114,Green Solutions 0114 Pvt Ltd,196E1ZHWY9HE1ZC,West Bengal,Logistics
CMP0115,Blue Industries 0115 Pvt Ltd,29389YZTKKFZ1ZW,Karnataka,Food Processing
CMP0116,Green Enterprises 0116 Pvt Ltd,24EHE2ATN2TW1ZC,Gujarat,Textiles
CMP0117,Vertex Suppliers 0117 Pvt Ltd,27ZS13C9XQYM1ZY,Maharashtra,IT Services
CMP0118,Global Works 0118 Pvt Ltd,098P6BEFFLZM1ZQ,Uttar Pradesh,Electronics
CMP0119,National Enterprises 0119 Pvt Ltd,36WTEKTSG7FX1ZX,Telangana,Wholesale
CMP0120,Eastern Industries 0120 Pvt Ltd,243BBXUX1OXR1ZU,Gujarat,IT Services
CMP0121,National Solutions 0121 Pvt Ltd,27I3OQYFOQMF1ZW,Maharashtra,Pharmaceuticals
CMP0122,Vertex Enterprises 0122 Pvt Ltd,241SDIEQFB851ZN,Gujarat,Automotive
CMP0123,Vijaya Manufacturing 0123 Pvt Ltd,29ZGF9Q5RDOQ1ZH,Karnataka,Automotive
CMP0124,Vijaya Industries 0124 Pvt Ltd,09BR5XQT4P501ZY,Uttar Pradesh,Construction
CMP0125,Apex Solutions 0125 Pvt Ltd,24BUNKNQT3WV1ZE,Gujarat,Textiles
CMP0126,Vijaya Works 0126 Pvt Ltd,079UNFVOBBZ21ZQ,Delhi,Logistics
CMP0127,Eastern Manufacturing 0127 Pvt Ltd,29F7LOW4VSSR1ZS,Karnataka,Electronics
CMP0128,Apex Traders 0128 Pvt Ltd,19LDOL65WVJX1ZY,West Bengal,Wholesale
CMP0129,Sri Suppliers 0129 Pvt Ltd,09BRSZ1N3IUZ1ZG,Uttar Pradesh,Manufacturing
CMP0130,Vijaya Solutions 0130 Pvt Ltd,19FYO1750CEH1ZK,West Bengal,Logistics
CMP0131,Vertex Traders 0131 Pvt Ltd,088QTTY5Y2JR1ZH,Rajasthan,Electronics
CMP0132,National Enterprises 0132 Pvt Ltd,08791ZYRRU7Z1ZJ,Rajasthan,Textiles
CMP0133,Green Solutions 0133 Pvt Ltd,096OM1FB8C7X1ZX,Uttar Pradesh,Logistics
CMP0134,Sri Works 0134 Pvt Ltd,33T7ZEWVIYTW1ZB,Tamil Nadu,Textiles
CMP0135,Vijaya Suppliers 0135 Pvt Ltd,07RYE89FX5RX1ZY,Delhi,Electronics
CMP0136,National Suppliers 0136 Pvt Ltd,24C1XI04B7P41ZB,Gujarat,Construction
CMP0137,Global Suppliers 0137 Pvt Ltd,19875AUD9K9T1ZP,West Bengal,Food Processing
CMP0138,Blue Traders 0138 Pvt Ltd,08GEFQJG02U11ZF,Rajasthan,Wholesale
CMP0139,Vertex Manufacturing 0139 Pvt Ltd,07LOD9R7ANQJ1ZK,Delhi,Electronics
CMP0140,Eastern Industries 0140 Pvt Ltd,09JMIYQFY7511ZW,Uttar Pradesh,Textiles
CMP0141,Vijaya Manufacturing 0141 Pvt Ltd,27H8RQ9NZ6121ZG,Maharashtra,Automotive
CMP0142,Prime Manufacturing 0142 Pvt Ltd,09QZCUCTSUFL1ZQ,Uttar Pradesh,Logistics
CMP0143,Sri Suppliers 0143 Pvt Ltd,36UDS3QSQCQ31ZX,Telangana,Manufacturing
CMP0144,National Works 0144 Pvt Ltd,07AHCPZTC69Q1ZJ,Delhi,Construction
CMP0145,Global Works 0145 Pvt Ltd,29X08N6Q7NC81ZR,Karnataka,Food Processing
CMP0146,Prime Enterprises 0146 Pvt Ltd,249OE9419QZP1ZM,Gujarat,Automotive
CMP0147,Blue Traders 0147 Pvt Ltd,33FG51BXW76I1ZC,Tamil Nadu,Textiles
CMP0148,Apex Solutions 0148 Pvt Ltd,09VZB0OIH5CS1ZJ,Uttar Pradesh,Automotive
CMP0149,Vijaya Manufacturing 0149 Pvt Ltd,09VYLKFXHKC81ZX,Uttar Pradesh,Food Processing
CMP0150,Green Solutions 0150 Pvt Ltd,07BMXNSZOKGT1ZH,Delhi,Automotive
CMP0151,Global Works 0151 Pvt Ltd,27QCOOTNJLCQ1ZL,Maharashtra,Textiles
CMP0152,Sri Industries 0152 Pvt Ltd,08JYV5G10UR51ZK,Rajasthan,Electronics
CMP0153,Sri Enterprises 0153 Pvt Ltd,378E9RIVH6T11ZM,Andhra Pradesh,Logistics
CMP0154,Vijaya Traders 0154 Pvt Ltd,08JSRD9Q46NO1ZS,Rajasthan,Automotive
CMP0155,Apex Traders 0155 Pvt Ltd,29TVZKHIUIT71ZK,Karnataka,Electronics
CMP0156,Blue Solutions 0156 Pvt Ltd,19G2GZR7TXCB1ZC,West Bengal,Manufacturing
CMP0157,Vertex Enterprises 0157 Pvt Ltd,374IZASNWYWR1ZP,Andhra Pradesh,Manufacturing
CMP0158,Green Manufacturing 0158 Pvt Ltd,37OAZTKSZP7G1ZD,Andhra Pradesh,IT Services
CMP0159,Sri Enterprises 0159 Pvt Ltd,29WJM2C8QIZK1ZC,Karnataka,Manufacturing
CMP0160,Vertex Solutions 0160 Pvt Ltd,36NRWZC4XL991ZQ,Telangana,Manufacturing
CMP0161,Sri Works 0161 Pvt Ltd,33YUJ7YKTXG41ZA,Tamil Nadu,Automotive
CMP0162,Global Works 0162 Pvt Ltd,09337KUU4YTN1ZX,Uttar Pradesh,Food Processing
CMP0163,Green Suppliers 0163 Pvt Ltd,369BP4M18O1B1ZI,Telangana,Logistics
CMP0164,Sri Traders 0164 Pvt Ltd,19TNGVN1KICJ1ZM,West Bengal,Food Processing
CMP0165,Vijaya Traders 0165 Pvt Ltd,07DALMJEGQTO1ZA,Delhi,Textiles
CMP0166,Green Industries 0166 Pvt Ltd,24V25AO20U9I1ZQ,Gujarat,Food Processing
CMP0167,Global Enterprises 0167 Pvt Ltd,07JJFGJK2N7Z1ZP,Delhi,Wholesale
CMP0168,Sri Solutions 0168 Pvt Ltd,09DK8LW2LM341ZT,Uttar Pradesh,Food Processing
CMP0169,Vijaya Manufacturing 0169 Pvt Ltd,278HL88KZRUI1ZM,Maharashtra,Electronics
CMP0170,Vijaya Industries 0170 Pvt Ltd,077H9G1A07H21ZW,Delhi,Textiles
CMP0171,Blue Enterprises 0171 Pvt Ltd,07WIXZ2C9ROS1ZW,Delhi,Construction
CMP0172,Apex Works 0172 Pvt Ltd,088Z3V6DIXFW1ZS,Rajasthan,Construction
CMP0173,Vertex Industries 0173 Pvt Ltd,24AJSSUUQO1V1ZQ,Gujarat,Food Processing
CMP0174,Apex Solutions 0174 Pvt Ltd,24DO8E7FLQHR1ZP,Gujarat,Textiles
CMP0175,Blue Traders 0175 Pvt Ltd,19CBZAMD270S1ZR,West Bengal,Food Processing
CMP0176,Green Solutions 0176 Pvt Ltd,248IOGXPBWHV1ZM,Gujarat,Manufacturing
CMP0177,Sri Traders 0177 Pvt Ltd,3313CD5GLQJ51ZQ,Tamil Nadu,Pharmaceuticals
CMP0178,Vertex Manufacturing 0178 Pvt Ltd,09OEMQGY27VY1ZK,Uttar Pradesh,Textiles
CMP0179,National Industries 0179 Pvt Ltd,33GYSPENGWYX1ZF,Tamil Nadu,IT Services
CMP0180,Blue Traders 0180 Pvt Ltd,29FLQBMAE38S1ZP,Karnataka,Construction
CMP0181,Vertex Suppliers 0181 Pvt Ltd,194RCB1KJTGQ1ZX,West Bengal,Logistics
CMP0182,Green Industries 0182 Pvt Ltd,08UJT9T11PHP1ZX,Rajasthan,Automotive
CMP0183,Apex Solutions 0183 Pvt Ltd,27J5D5E3H0Y41ZT,Maharashtra,Construction
CMP0184,Eastern Enterprises 0184 Pvt Ltd,29232UTVG9KU1ZQ,Karnataka,Textiles
CMP0185,Vertex Industries 0185 Pvt Ltd,2995E5IZ31YR1ZS,Karnataka,Electronics
CMP0186,Vertex Solutions 0186 Pvt Ltd,07C21O0Z5QRU1ZY,Delhi,Textiles
CMP0187,Vijaya Works 0187 Pvt Ltd,19CTHPHJ3MUU1ZP,West Bengal,Pharmaceuticals
CMP0188,Apex Industries 0188 Pvt Ltd,37W4A7FQ9P961ZU,Andhra Pradesh,Electronics
CMP0189,National Industries 0189 Pvt Ltd,29XJN6FOKZIX1ZW,Karnataka,Textiles
CMP0190,Sri Solutions 0190 Pvt Ltd,37CVSQAME4YR1ZH,Andhra Pradesh,Construction
CMP0191,Prime Industries 0191 Pvt Ltd,36L5E11E9FTA1ZU,Telangana,Food Processing
CMP0192,Vijaya Suppliers 0192 Pvt Ltd,19H07WPH6FE01ZL,West Bengal,Construction
CMP0193,Global Enterprises 0193 Pvt Ltd,24JDTVV2Y4XK1ZQ,Gujarat,Wholesale
CMP0194,Sri Suppliers 0194 Pvt Ltd,08OX22INIWC51ZA,Rajasthan,Pharmaceuticals
CMP0195,Global Solutions 0195 Pvt Ltd,244UNY181ACJ1ZB,Gujarat,Manufacturing
CMP0196,Green Traders 0196 Pvt Ltd,07WSOZCTWJLS1ZG,Delhi,Food Processing
CMP0197,Vijaya Solutions 0197 Pvt Ltd,08V1XXLP8II71ZD,Rajasthan,Logistics
CMP0198,Eastern Industries 0198 Pvt Ltd,09L00EZZF8S21ZX,Uttar Pradesh,Electronics
CMP0199,Vijaya Enterprises 0199 Pvt Ltd,29050E6MPSJ91ZU,Karnataka,Textiles
CMP0200,Blue Manufacturing 0200 Pvt Ltd,19MRUNJDU0IS1ZB,West Bengal,Manufacturing
CMP0201,Apex Solutions 0201 Pvt Ltd,33N7G8B2ZXII1ZX,Tamil Nadu,Pharmaceuticals
CMP0202,Prime Manufacturing 0202 Pvt Ltd,27NS6G298CQK1ZJ,Maharashtra,Pharmaceuticals
CMP0203,Green Solutions 0203 Pvt Ltd,36AHUKWQVR1H1ZR,Telangana,Automotive
CMP0204,Apex Solutions 0204 Pvt Ltd,29ATWYAM1N0L1ZG,Karnataka,IT Services
CMP0205,Vertex Solutions 0205 Pvt Ltd,3389FKBI4O6Q1ZX,Tamil Nadu,Textiles
CMP0206,Prime Manufacturing 0206 Pvt Ltd,09E3CUP8IJL21ZW,Uttar Pradesh,Pharmaceuticals
CMP0207,Blue Traders 0207 Pvt Ltd,24I7E1DDQLEM1ZY,Gujarat,Automotive
CMP0208,National Solutions 0208 Pvt Ltd,19JEFY3ZB4LD1ZH,West Bengal,Pharmaceuticals
CMP0209,Green Industries 0209 Pvt Ltd,07YJ9BOQ0IQ21ZE,Delhi,Textiles
CMP0210,Apex Works 0210 Pvt Ltd,372IHOY7DV7C1ZC,Andhra Pradesh,Automotive
CMP0211,Global Industries 0211 Pvt Ltd,1963LBQGU3OB1ZV,West Bengal,Construction
CMP0212,Vijaya Enterprises 0212 Pvt Ltd,296JQFWWXR5R1ZC,Karnataka,Electronics
CMP0213,Global Solutions 0213 Pvt Ltd,07H5SW2292MT1ZP,Delhi,Pharmaceuticals
CMP0214,Green Traders 0214 Pvt Ltd,09NGLH62C9T11ZH,Uttar Pradesh,Food Processing
CMP0215,Sri Suppliers 0215 Pvt Ltd,36IT2018U9N71ZF,Telangana,Food Processing
CMP0216,Eastern Traders 0216 Pvt Ltd,333Z6BZ8UUG91ZP,Tamil Nadu,IT Services
CMP0217,Global Solutions 0217 Pvt Ltd,27BCVARLW3MG1ZZ,Maharashtra,Pharmaceuticals
CMP0218,Apex Enterprises 0218 Pvt Ltd,37V71448N7OD1ZJ,Andhra Pradesh,Pharmaceuticals
CMP0219,Global Suppliers 0219 Pvt Ltd,29828XG8Y72I1ZS,Karnataka,Food Processing
CMP0220,National Suppliers 0220 Pvt Ltd,07YE088O98BV1ZZ,Delhi,Wholesale
CMP0221,Eastern Industries 0221 Pvt Ltd,337F0I9G5DZX1ZK,Tamil Nadu,Logistics
CMP0222,National Enterprises 0222 Pvt Ltd,37ICJDAN085R1ZM,Andhra Pradesh,Pharmaceuticals
CMP0223,Vertex Industries 0223 Pvt Ltd,0832U1IQ2BAJ1ZD,Rajasthan,Textiles
CMP0224,Global Solutions 0224 Pvt Ltd,24FC79M96ZPX1ZT,Gujarat,Construction
CMP0225,Apex Industries 0225 Pvt Ltd,29L9OT7TXKDO1ZR,Karnataka,Logistics
CMP0226,Apex Traders 0226 Pvt Ltd,29AD3WRDHW9R1ZD,Karnataka,Electronics
CMP0227,Blue Solutions 0227 Pvt Ltd,076JXNNNGBPJ1ZI,Delhi,Wholesale
CMP0228,Global Works 0228 Pvt Ltd,37ZDY3O1ICNS1ZR,Andhra Pradesh,Logistics
CMP0229,Sri Solutions 0229 Pvt Ltd,09KO4BUSU9F81ZO,Uttar Pradesh,Food Processing
CMP0230,Sri Works 0230 Pvt Ltd,29GBCYH3FVL01ZZ,Karnataka,Textiles
CMP0231,Vertex Manufacturing 0231 Pvt Ltd,36OLJQ52WSPO1ZE,Telangana,Wholesale
CMP0232,Eastern Works 0232 Pvt Ltd,098DD22555JX1ZS,Uttar Pradesh,Wholesale
CMP0233,Apex Enterprises 0233 Pvt Ltd,19JFVYB6LI071ZL,West Bengal,Manufacturing
CMP0234,National Traders 0234 Pvt Ltd,24KRZD5E9P3J1ZN,Gujarat,Wholesale
CMP0235,Sri Solutions 0235 Pvt Ltd,36H30153SFLS1ZE,Telangana,IT Services
CMP0236,Apex Enterprises 0236 Pvt Ltd,09G34IQ7ZJ3S1ZU,Uttar Pradesh,Textiles
CMP0237,Sri Traders 0237 Pvt Ltd,37RQ8RTM4J3D1ZA,Andhra Pradesh,Construction
CMP0238,Global Works 0238 Pvt Ltd,37U84XYJOA211ZA,Andhra Pradesh,Logistics
CMP0239,Global Manufacturing 0239 Pvt Ltd,292IV7ZZJ64Q1ZG,Karnataka,Logistics
CMP0240,Green Works 0240 Pvt Ltd,27WVA984UVKY1ZP,Maharashtra,Textiles
CMP0241,National Suppliers 0241 Pvt Ltd,24LJX8XGSIC41ZZ,Gujarat,Wholesale
CMP0242,Vijaya Suppliers 0242 Pvt Ltd,07FARK6O0U931ZK,Delhi,Automotive
CMP0243,Blue Suppliers 0243 Pvt Ltd,08MKGXUKQ00U1ZF,Rajasthan,Pharmaceuticals
CMP0244,Sri Traders 0244 Pvt Ltd,36I5P5NVQEBW1ZS,Telangana,Wholesale
CMP0245,Blue Enterprises 0245 Pvt Ltd,36S5NKB4EHOU1ZO,Telangana,Food Processing
CMP0246,Global Works 0246 Pvt Ltd,24CL9LCQH1UF1ZZ,Gujarat,Textiles
CMP0247,Eastern Solutions 0247 Pvt Ltd,29WO8NBHNAL31ZG,Karnataka,Manufacturing
CMP0248,Sri Enterprises 0248 Pvt Ltd,37YMENVG3KK01ZT,Andhra Pradesh,IT Services
CMP0249,Vertex Suppliers 0249 Pvt Ltd,249M6MG87OI01ZE,Gujarat,Automotive
CMP0250,Eastern Manufacturing 0250 Pvt Ltd,37GNXB5JTB9X1ZU,Andhra Pradesh,Manufacturing
CMP0251,Prime Solutions 0251 Pvt Ltd,37PEJZHYAPDS1ZT,Andhra Pradesh,Wholesale
CMP0252,Vertex Works 0252 Pvt Ltd,296SWK2RV2391ZL,Karnataka,Construction
CMP0253,Global Industries 0253 Pvt Ltd,27T6YRIADDUR1ZC,Maharashtra,IT Services
CMP0254,Prime Traders 0254 Pvt Ltd,36XQ9JB354MY1ZN,Telangana,Textiles
CMP0255,Apex Industries 0255 Pvt Ltd,364XGMPW5D3G1ZM,Telangana,Construction
CMP0256,National Works 0256 Pvt Ltd,19N42X2EZC7F1ZN,West Bengal,Wholesale
CMP0257,Eastern Suppliers 0257 Pvt Ltd,19PW2W5506RR1ZN,West Bengal,Logistics
CMP0258,Prime Traders 0258 Pvt Ltd,37XA5S00I85S1ZW,Andhra Pradesh,Wholesale
CMP0259,Vertex Suppliers 0259 Pvt Ltd,360RXXF36WA71ZQ,Telangana,Logistics
CMP0260,Global Industries 0260 Pvt Ltd,191LLKSTN3CP1ZS,West Bengal,Logistics
CMP0261,Blue Solutions 0261 Pvt Ltd,36L90AOBT3281ZU,Telangana,Electronics
CMP0262,Green Enterprises 0262 Pvt Ltd,08XQM334L1VZ1ZL,Rajasthan,Logistics
CMP0263,Prime Works 0263 Pvt Ltd,36XAMW2TND6R1ZW,Telangana,Construction
CMP0264,National Manufacturing 0264 Pvt Ltd,36HE4H3GM1BW1ZV,Telangana,Wholesale
CMP0265,Blue Solutions 0265 Pvt Ltd,36X8ERTB74RS1ZF,Telangana,Wholesale
CMP0266,Global Industries 0266 Pvt Ltd,29NV5SN961J81ZJ,Karnataka,Logistics
CMP0267,Global Solutions 0267 Pvt Ltd,29V5S4TL0THH1ZW,Karnataka,Electronics
CMP0268,Global Suppliers 0268 Pvt Ltd,24X8SYLEMRUY1ZN,Gujarat,IT Services
CMP0269,Vertex Works 0269 Pvt Ltd,27ADNBCJ29YF1ZB,Maharashtra,Electronics
CMP0270,Green Industries 0270 Pvt Ltd,33MQWYUIXNS21ZW,Tamil Nadu,Electronics
CMP0271,Vertex Solutions 0271 Pvt Ltd,37O2Y8B0H54P1ZH,Andhra Pradesh,Pharmaceuticals
CMP0272,Green Suppliers 0272 Pvt Ltd,09V18KGYGGSN1ZN,Uttar Pradesh,Electronics
CMP0273,National Enterprises 0273 Pvt Ltd,08F4AQ7B7V1W1ZV,Rajasthan,Electronics
CMP0274,Eastern Manufacturing 0274 Pvt Ltd,19M2LHGCSOTD1ZH,West Bengal,Automotive
CMP0275,Vijaya Traders 0275 Pvt Ltd,24K8WRU1XEMI1ZU,Gujarat,Wholesale
CMP0276,Sri Industries 0276 Pvt Ltd,09YL68NTK63N1ZZ,Uttar Pradesh,IT Services
CMP0277,Blue Industries 0277 Pvt Ltd,19KXLCD81TWH1ZU,West Bengal,Automotive
CMP0278,Prime Enterprises 0278 Pvt Ltd,07TZ91X70FQL1ZC,Delhi,Textiles
CMP0279,Global Works 0279 Pvt Ltd,37JC36OQOLOE1ZA,Andhra Pradesh,Wholesale
CMP0280,Eastern Industries 0280 Pvt Ltd,36ZC7D2KD1PO1ZV,Telangana,Manufacturing
CMP0281,Global Manufacturing 0281 Pvt Ltd,19H024KWK5851ZU,West Bengal,Pharmaceuticals
CMP0282,Green Works 0282 Pvt Ltd,37TEAVT8K06M1ZN,Andhra Pradesh,IT Services
CMP0283,Global Enterprises 0283 Pvt Ltd,29H4GG24479Q1ZR,Karnataka,Textiles
CMP0284,Prime Traders 0284 Pvt Ltd,27D0RLEXDW6L1ZO,Maharashtra,Pharmaceuticals
CMP0285,National Suppliers 0285 Pvt Ltd,09VUNLPAIH0P1ZL,Uttar Pradesh,Food Processing
CMP0286,Blue Solutions 0286 Pvt Ltd,24Q1RDXCK36H1ZX,Gujarat,Textiles
CMP0287,Apex Works 0287 Pvt Ltd,36SBUOV6TT9Q1ZY,Telangana,Food Processing
CMP0288,Vertex Enterprises 0288 Pvt Ltd,246V4ESDNAI81ZT,Gujarat,Food Processing
CMP0289,Global Solutions 0289 Pvt Ltd,08FUU5F07B1I1ZI,Rajasthan,Pharmaceuticals
CMP0290,Apex Suppliers 0290 Pvt Ltd,33H6NQQB9LZS1ZI,Tamil Nadu,Electronics
CMP0291,Green Manufacturing 0291 Pvt Ltd,09GXNX4SN6SM1ZL,Uttar Pradesh,Logistics
CMP0292,Eastern Industries 0292 Pvt Ltd,19SFFCXHGNZE1ZH,West Bengal,Construction
CMP0293,Prime Solutions 0293 Pvt Ltd,24YRVXOIEVES1ZS,Gujarat,Food Processing
CMP0294,Global Traders 0294 Pvt Ltd,377SO8W5038H1ZT,Andhra Pradesh,Logistics
CMP0295,Global Enterprises 0295 Pvt Ltd,193V23GXJ0MQ1ZS,West Bengal,Textiles
CMP0296,Vertex Solutions 0296 Pvt Ltd,33EAS6Y3VG6V1ZZ,Tamil Nadu,IT Services
CMP0297,Prime Industries 0297 Pvt Ltd,08REV361XSNB1ZQ,Rajasthan,Construction
CMP0298,Blue Works 0298 Pvt Ltd,331M264UPJ161ZC,Tamil Nadu,Electronics
CMP0299,Green Solutions 0299 Pvt Ltd,09JA0ASSNH2O1ZD,Uttar Pradesh,Food Processing
CMP0300,Eastern Traders 0300 Pvt Ltd,07JTUW9OHTUG1ZR,Delhi,IT Services
CMP0301,National Traders 0301 Pvt Ltd,19U1OE5EI28D1ZQ,West Bengal,Construction
CMP0302,Green Manufacturing 0302 Pvt Ltd,24ZZF8ADF7PC1ZH,Gujarat,Pharmaceuticals
CMP0303,Eastern Industries 0303 Pvt Ltd,3607OXK8C1GR1ZA,Telangana,Automotive
CMP0304,National Enterprises 0304 Pvt Ltd,08BVSIGBIAF91ZY,Rajasthan,Construction
CMP0305,Vertex Solutions 0305 Pvt Ltd,24VS0CDK36M81ZI,Gujarat,Automotive
CMP0306,Sri Solutions 0306 Pvt Ltd,097UJODCK8281ZR,Uttar Pradesh,Wholesale
CMP0307,Blue Solutions 0307 Pvt Ltd,27U118QQVAEC1ZU,Maharashtra,Automotive
CMP0308,Vijaya Solutions 0308 Pvt Ltd,338SA3IDY3C71ZP,Tamil Nadu,Pharmaceuticals
CMP0309,Sri Manufacturing 0309 Pvt Ltd,24J8Y6RH05HH1ZH,Gujarat,Wholesale
CMP0310,Global Works 0310 Pvt Ltd,24D7YXW1TBRW1ZP,Gujarat,Wholesale
CMP0311,Blue Enterprises 0311 Pvt Ltd,2796KHUB2RTS1ZM,Maharashtra,Food Processing
CMP0312,Prime Suppliers 0312 Pvt Ltd,19SLAYNDN5GJ1ZI,West Bengal,Logistics
CMP0313,Vijaya Traders 0313 Pvt Ltd,09GPP1NOQU9Y1ZD,Uttar Pradesh,Electronics
CMP0314,Green Solutions 0314 Pvt Ltd,334H20RAPE6W1ZR,Tamil Nadu,Pharmaceuticals
CMP0315,National Traders 0315 Pvt Ltd,19UUOYC3RWQM1ZL,West Bengal,Pharmaceuticals
CMP0316,Green Works 0316 Pvt Ltd,08JAE58HUXG21ZL,Rajasthan,Pharmaceuticals
CMP0317,Blue Works 0317 Pvt Ltd,0806NKWFG3MW1ZS,Rajasthan,Construction
CMP0318,Prime Enterprises 0318 Pvt Ltd,36MLXZVO52701ZQ,Telangana,Logistics
CMP0319,Global Enterprises 0319 Pvt Ltd,074EIJ00HOD71ZP,Delhi,IT Services
CMP0320,Apex Works 0320 Pvt Ltd,37O1CJFX5LIK1ZU,Andhra Pradesh,Food Processing
CMP0321,Green Works 0321 Pvt Ltd,29GBM65Q57TE1ZW,Karnataka,IT Services
CMP0322,Eastern Manufacturing 0322 Pvt Ltd,29Q05PXT6RID1ZJ,Karnataka,Pharmaceuticals
CMP0323,National Enterprises 0323 Pvt Ltd,07KA34MQA78R1ZA,Delhi,Construction
CMP0324,Eastern Enterprises 0324 Pvt Ltd,272TG5PIZX3H1ZC,Maharashtra,Construction
CMP0325,Green Works 0325 Pvt Ltd,332WYJXTJGCE1ZD,Tamil Nadu,Logistics
CMP0326,Blue Traders 0326 Pvt Ltd,09ZRLF8A9KEP1ZA,Uttar Pradesh,Automotive
CMP0327,Global Industries 0327 Pvt Ltd,36RML29Q2L481ZB,Telangana,Electronics
CMP0328,Prime Manufacturing 0328 Pvt Ltd,07QG433E1I1P1ZX,Delhi,Manufacturing
CMP0329,Blue Suppliers 0329 Pvt Ltd,331S9RYLLWB71ZQ,Tamil Nadu,Textiles
CMP0330,Blue Suppliers 0330 Pvt Ltd,27KMBY9IPA2V1ZM,Maharashtra,Automotive
CMP0331,Apex Manufacturing 0331 Pvt Ltd,372RVNDFDW791ZU,Andhra Pradesh,Manufacturing
CMP0332,Vijaya Suppliers 0332 Pvt Ltd,37FTDRLUXM601ZA,Andhra Pradesh,Construction
CMP0333,Global Traders 0333 Pvt Ltd,246RPKZGGM0J1ZT,Gujarat,IT Services
CMP0334,Prime Manufacturing 0334 Pvt Ltd,29FKJNAWNGA41ZY,Karnataka,Wholesale
CMP0335,Vijaya Suppliers 0335 Pvt Ltd,33C83GY1FKOL1ZD,Tamil Nadu,IT Services
CMP0336,Apex Works 0336 Pvt Ltd,367GBDGBXNRW1ZS,Telangana,Electronics
CMP0337,Vijaya Enterprises 0337 Pvt Ltd,37VC7HR6C2CU1ZN,Andhra Pradesh,Pharmaceuticals
CMP0338,Eastern Traders 0338 Pvt Ltd,37T04CHSDING1ZV,Andhra Pradesh,Automotive
CMP0339,Global Manufacturing 0339 Pvt Ltd,090ODWMQX5GG1ZM,Uttar Pradesh,IT Services
CMP0340,Global Manufacturing 0340 Pvt Ltd,249PML9LN1P01ZT,Gujarat,Automotive
CMP0341,Green Enterprises 0341 Pvt Ltd,09NT0MQ8ABKA1ZE,Uttar Pradesh,Electronics
CMP0342,National Enterprises 0342 Pvt Ltd,37HL1737SUUD1ZO,Andhra Pradesh,Pharmaceuticals
CMP0343,Global Traders 0343 Pvt Ltd,29NUI3DO70021ZF,Karnataka,Logistics
CMP0344,Prime Manufacturing 0344 Pvt Ltd,09XB3N27M5P71ZD,Uttar Pradesh,Automotive
CMP0345,Apex Suppliers 0345 Pvt Ltd,091NKBTFSHB01ZM,Uttar Pradesh,Logistics
CMP0346,Eastern Manufacturing 0346 Pvt Ltd,09DP2FMR0TJO1ZN,Uttar Pradesh,Food Processing
CMP0347,Blue Manufacturing 0347 Pvt Ltd,29HOUU9SIJPY1ZS,Karnataka,Textiles
CMP0348,Vertex Solutions 0348 Pvt Ltd,36NGMX1GM32W1ZO,Telangana,Manufacturing
CMP0349,Sri Suppliers 0349 Pvt Ltd,33N14EB8753A1ZW,Tamil Nadu,Textiles
CMP0350,Blue Solutions 0350 Pvt Ltd,27AHTHSJR0FZ1ZA,Maharashtra,Construction
CMP0351,Green Industries 0351 Pvt Ltd,09JCHZJQ8CXX1ZV,Uttar Pradesh,Pharmaceuticals
CMP0352,Apex Traders 0352 Pvt Ltd,365XIN9DL5TG1ZQ,Telangana,Logistics
CMP0353,Apex Industries 0353 Pvt Ltd,08ITMOFMMWI91ZQ,Rajasthan,Electronics
CMP0354,National Solutions 0354 Pvt Ltd,3763BTKF6XDN1ZV,Andhra Pradesh,Wholesale
CMP0355,Vertex Enterprises 0355 Pvt Ltd,33UPLVQEXUYH1ZE,Tamil Nadu,Electronics
CMP0356,Global Solutions 0356 Pvt Ltd,0899F77LU8EL1ZE,Rajasthan,Manufacturing
CMP0357,Vertex Solutions 0357 Pvt Ltd,24K03W0FGEA91ZT,Gujarat,Electronics
CMP0358,Eastern Manufacturing 0358 Pvt Ltd,09IIYMYRSVZN1ZM,Uttar Pradesh,Logistics
CMP0359,Global Enterprises 0359 Pvt Ltd,19GB1AJO091C1ZO,West Bengal,Wholesale
CMP0360,Vijaya Works 0360 Pvt Ltd,19QIOB0NLW0V1ZQ,West Bengal,Manufacturing
CMP0361,Prime Solutions 0361 Pvt Ltd,08Q55IT9BN181ZG,Rajasthan,Electronics
CMP0362,Vertex Traders 0362 Pvt Ltd,191KFK7Y6QXD1ZQ,West Bengal,Textiles
CMP0363,Eastern Suppliers 0363 Pvt Ltd,29TOLAQ665DL1ZU,Karnataka,Food Processing
CMP0364,Prime Industries 0364 Pvt Ltd,36ZWDZ09WFTB1ZF,Telangana,Pharmaceuticals
CMP0365,Global Enterprises 0365 Pvt Ltd,095GZPL1QWEE1ZG,Uttar Pradesh,Manufacturing
CMP0366,National Industries 0366 Pvt Ltd,09Q4TA5IVROC1ZT,Uttar Pradesh,Manufacturing
CMP0367,Green Traders 0367 Pvt Ltd,33WU3BFXB4Y41ZJ,Tamil Nadu,Pharmaceuticals
CMP0368,Apex Industries 0368 Pvt Ltd,36PGYVYV2GQU1ZB,Telangana,Textiles
CMP0369,Vijaya Traders 0369 Pvt Ltd,276314CQE4LO1ZG,Maharashtra,Automotive
CMP0370,Apex Industries 0370 Pvt Ltd,09U9TD0V2ZP41ZI,Uttar Pradesh,IT Services
CMP0371,Eastern Traders 0371 Pvt Ltd,097WR0R35IKG1ZD,Uttar Pradesh,Manufacturing
CMP0372,Prime Suppliers 0372 Pvt Ltd,19429OMUWAHK1ZZ,West Bengal,Textiles
CMP0373,National Manufacturing 0373 Pvt Ltd,27T1ELOU83G41ZV,Maharashtra,Logistics
CMP0374,Apex Suppliers 0374 Pvt Ltd,19EFQ56Q37CS1ZS,West Bengal,Pharmaceuticals
CMP0375,Green Industries 0375 Pvt Ltd,08HY25M8KB9W1ZF,Rajasthan,Wholesale
CMP0376,Vertex Enterprises 0376 Pvt Ltd,09V51ZLBORIQ1ZJ,Uttar Pradesh,Automotive
CMP0377,National Enterprises 0377 Pvt Ltd,08E226PARSG71ZX,Rajasthan,IT Services
CMP0378,Vijaya Enterprises 0378 Pvt Ltd,271D9S9HBN5E1ZJ,Maharashtra,Manufacturing
CMP0379,Prime Traders 0379 Pvt Ltd,09QBSXLUL6LG1ZI,Uttar Pradesh,IT Services
CMP0380,Blue Suppliers 0380 Pvt Ltd,24EFJAWSHMLF1ZW,Gujarat,Electronics
CMP0381,Sri Enterprises 0381 Pvt Ltd,09CWMPEQYDBP1ZF,Uttar Pradesh,Wholesale
CMP0382,Blue Manufacturing 0382 Pvt Ltd,09MLH13C71UD1ZZ,Uttar Pradesh,Logistics
CMP0383,Blue Traders 0383 Pvt Ltd,36YZQII4W6OZ1ZV,Telangana,Pharmaceuticals
CMP0384,Blue Solutions 0384 Pvt Ltd,24BRMQG1VED31ZZ,Gujarat,Textiles
CMP0385,Green Suppliers 0385 Pvt Ltd,24CKQVIIFRCH1ZW,Gujarat,Wholesale
CMP0386,Vertex Manufacturing 0386 Pvt Ltd,072TIXC7URVQ1ZR,Delhi,Textiles
CMP0387,Global Traders 0387 Pvt Ltd,198CD31NRXD31ZS,West Bengal,Manufacturing
CMP0388,Global Solutions 0388 Pvt Ltd,29TOUHYLU6K71ZN,Karnataka,Pharmaceuticals
CMP0389,Eastern Industries 0389 Pvt Ltd,36WS44C68AU91ZD,Telangana,Electronics
CMP0390,Sri Solutions 0390 Pvt Ltd,37ZOLNNTXRGN1ZL,Andhra Pradesh,Construction
CMP0391,National Works 0391 Pvt Ltd,29YECAZRP9DX1ZN,Karnataka,Logistics
CMP0392,Vertex Manufacturing 0392 Pvt Ltd,09GSTQMGVU4I1ZQ,Uttar Pradesh,Electronics
CMP0393,Green Manufacturing 0393 Pvt Ltd,07N9UZERYF091ZY,Delhi,Electronics
CMP0394,Green Industries 0394 Pvt Ltd,19SVIWXYYTUW1ZK,West Bengal,IT Services
CMP0395,Blue Solutions 0395 Pvt Ltd,37SQ0P82KB701ZX,Andhra Pradesh,Wholesale
CMP0396,Apex Suppliers 0396 Pvt Ltd,27RGB93WKCS41ZI,Maharashtra,Electronics
CMP0397,Eastern Traders 0397 Pvt Ltd,29JJ0V60XNG21ZH,Karnataka,Logistics
CMP0398,Green Works 0398 Pvt Ltd,29B98V341ONX1ZX,Karnataka,Food Processing
CMP0399,Eastern Suppliers 0399 Pvt Ltd,334BJ3BQRR871ZH,Tamil Nadu,Construction
CMP0400,Blue Traders 0400 Pvt Ltd,07F5A7QY8YB71ZU,Delhi,Pharmaceuticals
CMP0401,Eastern Suppliers 0401 Pvt Ltd,074MJDXO100V1ZG,Delhi,IT Services
CMP0402,Global Traders 0402 Pvt Ltd,24TY3ADDQHKG1ZA,Gujarat,Wholesale
CMP0403,Apex Manufacturing 0403 Pvt Ltd,36X48WZE4EX61ZS,Telangana,Food Processing
CMP0404,Global Traders 0404 Pvt Ltd,36KXCQ91YY1J1ZY,Telangana,Textiles
CMP0405,Apex Solutions 0405 Pvt Ltd,27N9J3GC9HOX1ZD,Maharashtra,Food Processing
CMP0406,Vertex Enterprises 0406 Pvt Ltd,08WDPJBC01AR1ZU,Rajasthan,Manufacturing
CMP0407,Vertex Traders 0407 Pvt Ltd,37FLOAZ1RO031ZC,Andhra Pradesh,IT Services
CMP0408,Apex Solutions 0408 Pvt Ltd,3383RU7MYOW81ZC,Tamil Nadu,Pharmaceuticals
CMP0409,Vijaya Industries 0409 Pvt Ltd,0841KHT8XKOD1ZW,Rajasthan,Pharmaceuticals
CMP0410,Prime Suppliers 0410 Pvt Ltd,19PGBA9IN2XR1ZZ,West Bengal,Logistics
CMP0411,Apex Traders 0411 Pvt Ltd,37C2BE3YQY5F1ZS,Andhra Pradesh,Automotive
CMP0412,Apex Suppliers 0412 Pvt Ltd,36FXQ7BZEGBL1ZZ,Telangana,Textiles
CMP0413,Eastern Enterprises 0413 Pvt Ltd,194C3EVWCHM41ZX,West Bengal,Construction
CMP0414,Prime Suppliers 0414 Pvt Ltd,24UE421VMEFO1ZW,Gujarat,Pharmaceuticals
CMP0415,Global Solutions 0415 Pvt Ltd,08IUE2WNF5CA1ZC,Rajasthan,Wholesale
CMP0416,Vertex Suppliers 0416 Pvt Ltd,2731YHXSO7VB1ZF,Maharashtra,Logistics
CMP0417,Prime Suppliers 0417 Pvt Ltd,093KPUG99W591ZQ,Uttar Pradesh,Automotive
CMP0418,Sri Traders 0418 Pvt Ltd,19BEF46RF7BN1ZG,West Bengal,Construction
CMP0419,Vijaya Manufacturing 0419 Pvt Ltd,2721B07G2RE61ZX,Maharashtra,Logistics
CMP0420,Eastern Traders 0420 Pvt Ltd,09P06IDIIOH61ZC,Uttar Pradesh,Logistics
CMP0421,Blue Industries 0421 Pvt Ltd,096F7QNEZW9H1ZE,Uttar Pradesh,Manufacturing
CMP0422,Apex Traders 0422 Pvt Ltd,09E4QGM5V2WW1ZF,Uttar Pradesh,Wholesale
CMP0423,Sri Industries 0423 Pvt Ltd,08OS5HRQAP5I1ZN,Rajasthan,Wholesale
CMP0424,Eastern Enterprises 0424 Pvt Ltd,3366PB90SPO31ZW,Tamil Nadu,Textiles
CMP0425,Blue Enterprises 0425 Pvt Ltd,19C1YOHMI9AY1ZF,West Bengal,Logistics
CMP0426,Eastern Industries 0426 Pvt Ltd,099QEZG5WZAW1ZM,Uttar Pradesh,Pharmaceuticals
CMP0427,Apex Traders 0427 Pvt Ltd,08PJ8T22C50B1ZV,Rajasthan,Pharmaceuticals
CMP0428,Prime Solutions 0428 Pvt Ltd,37NWNGUCZH9I1ZD,Andhra Pradesh,Logistics
CMP0429,Sri Works 0429 Pvt Ltd,090IMJYJCMRS1ZD,Uttar Pradesh,Logistics
CMP0430,Green Traders 0430 Pvt Ltd,08QNYY95G5DO1ZF,Rajasthan,Electronics
CMP0431,Prime Enterprises 0431 Pvt Ltd,36JZR5SWK8TE1ZL,Telangana,Construction
CMP0432,Apex Traders 0432 Pvt Ltd,19GA24SMUX2R1ZV,West Bengal,IT Services
CMP0433,Blue Solutions 0433 Pvt Ltd,08KE2GJR81BM1ZO,Rajasthan,Food Processing
CMP0434,Global Suppliers 0434 Pvt Ltd,09TGGZ62FE9U1ZO,Uttar Pradesh,Electronics
CMP0435,Global Enterprises 0435 Pvt Ltd,24UBLMNTFK7O1ZP,Gujarat,Food Processing
CMP0436,Vijaya Enterprises 0436 Pvt Ltd,19A09LZRK79U1ZE,West Bengal,Wholesale
CMP0437,Vijaya Suppliers 0437 Pvt Ltd,19ERBYEAWHML1ZT,West Bengal,Automotive
CMP0438,Green Enterprises 0438 Pvt Ltd,0921HD4Y89OR1ZT,Uttar Pradesh,Wholesale
CMP0439,Apex Suppliers 0439 Pvt Ltd,08MF4NNKM95D1ZX,Rajasthan,Logistics
CMP0440,Blue Traders 0440 Pvt Ltd,07F060O4VFK91ZQ,Delhi,Pharmaceuticals
CMP0441,Eastern Works 0441 Pvt Ltd,36NAWJGQU6H31ZJ,Telangana,IT Services
CMP0442,Apex Works 0442 Pvt Ltd,1934KUQAAJ841ZP,West Bengal,Textiles
CMP0443,Vertex Enterprises 0443 Pvt Ltd,27RYIEJ9C0UU1ZI,Maharashtra,Logistics
CMP0444,Vijaya Manufacturing 0444 Pvt Ltd,360AJUFQYMBN1ZU,Telangana,Pharmaceuticals
CMP0445,National Traders 0445 Pvt Ltd,37T7S1GD1T531ZV,Andhra Pradesh,Electronics
CMP0446,Vijaya Industries 0446 Pvt Ltd,27TMFEK2O7FH1ZQ,Maharashtra,Automotive
CMP0447,Green Manufacturing 0447 Pvt Ltd,33Y84ZZ2P6EE1ZA,Tamil Nadu,Logistics
CMP0448,National Suppliers 0448 Pvt Ltd,24N36V1MZB3I1ZW,Gujarat,Food Processing
CMP0449,National Enterprises 0449 Pvt Ltd,33H9P1EARPHB1ZV,Tamil Nadu,IT Services
CMP0450,Apex Solutions 0450 Pvt Ltd,09EJCY127H6G1ZL,Uttar Pradesh,Manufacturing
CMP0451,Global Works 0451 Pvt Ltd,360JUM42WSC31ZY,Telangana,Manufacturing
CMP0452,Sri Suppliers 0452 Pvt Ltd,08GK6T9DHSZN1ZS,Rajasthan,Food Processing
CMP0453,Prime Enterprises 0453 Pvt Ltd,1949PSO1LQSR1ZL,West Bengal,Electronics
CMP0454,Apex Industries 0454 Pvt Ltd,08LEKVL9PTK41ZG,Rajasthan,Textiles
CMP0455,Vijaya Enterprises 0455 Pvt Ltd,19AYYOSYEOZ91ZX,West Bengal,Food Processing
CMP0456,Vijaya Enterprises 0456 Pvt Ltd,36MV9E40KZUJ1ZZ,Telangana,Construction
CMP0457,Blue Suppliers 0457 Pvt Ltd,24VORK1DJRWE1ZD,Gujarat,Manufacturing
CMP0458,Blue Suppliers 0458 Pvt Ltd,36AGVLKW1XSR1ZO,Telangana,Automotive
CMP0459,Blue Solutions 0459 Pvt Ltd,27ST3TA195EQ1ZM,Maharashtra,Logistics
CMP0460,Apex Industries 0460 Pvt Ltd,19GX25FPLO1U1ZP,West Bengal,IT Services
CMP0461,Eastern Solutions 0461 Pvt Ltd,08R4SOR8WM9L1ZA,Rajasthan,Wholesale
CMP0462,Global Works 0462 Pvt Ltd,37N3V1WNP9OC1ZH,Andhra Pradesh,Automotive
CMP0463,National Manufacturing 0463 Pvt Ltd,33DY5EGTBXPS1ZN,Tamil Nadu,Electronics
CMP0464,Blue Manufacturing 0464 Pvt Ltd,37ALULDRYHR31ZV,Andhra Pradesh,Pharmaceuticals
CMP0465,Eastern Traders 0465 Pvt Ltd,29NPR424TKB91ZM,Karnataka,Automotive
CMP0466,Prime Suppliers 0466 Pvt Ltd,094DMC2RH2XK1ZZ,Uttar Pradesh,Electronics
CMP0467,Green Traders 0467 Pvt Ltd,07HOWQ1GAZ5U1ZG,Delhi,Logistics
CMP0468,Green Works 0468 Pvt Ltd,27W1PUWSNFFY1ZJ,Maharashtra,Construction
CMP0469,Vijaya Works 0469 Pvt Ltd,073CHO3XJVOE1ZG,Delhi,Manufacturing
CMP0470,National Solutions 0470 Pvt Ltd,33R9P6HJB2JT1ZU,Tamil Nadu,Manufacturing
CMP0471,Apex Industries 0471 Pvt Ltd,194DV56ONXD71ZX,West Bengal,Food Processing
CMP0472,Prime Manufacturing 0472 Pvt Ltd,3307S387J5IE1ZZ,Tamil Nadu,Pharmaceuticals
CMP0473,Eastern Suppliers 0473 Pvt Ltd,24O0IPFG8PJV1ZP,Gujarat,IT Services
CMP0474,Prime Traders 0474 Pvt Ltd,24TRIJ2FRNLX1ZT,Gujarat,Manufacturing
CMP0475,Sri Traders 0475 Pvt Ltd,37TL8N3E54N61ZM,Andhra Pradesh,Electronics
CMP0476,Prime Works 0476 Pvt Ltd,271K4FPL3X2J1ZC,Maharashtra,Logistics
CMP0477,Vertex Works 0477 Pvt Ltd,19LP7DFJCP0T1ZK,West Bengal,Logistics
CMP0478,Apex Suppliers 0478 Pvt Ltd,37XW2EOWLCFS1ZY,Andhra Pradesh,Food Processing
CMP0479,Vertex Works 0479 Pvt Ltd,097Q5EGVLKDN1ZM,Uttar Pradesh,Construction
CMP0480,Sri Industries 0480 Pvt Ltd,0987XW69HZGO1ZN,Uttar Pradesh,Wholesale
CMP0481,Global Industries 0481 Pvt Ltd,278GUAS173RI1ZG,Maharashtra,Automotive
CMP0482,National Suppliers 0482 Pvt Ltd,27RE4V9KYPOF1ZJ,Maharashtra,Electronics
CMP0483,Eastern Solutions 0483 Pvt Ltd,336NYQAELYYZ1ZW,Tamil Nadu,Construction
CMP0484,National Industries 0484 Pvt Ltd,09DCLI6978V01ZB,Uttar Pradesh,Manufacturing
CMP0485,Green Manufacturing 0485 Pvt Ltd,27N9YE6BGGRM1ZO,Maharashtra,Food Processing
CMP0486,Vijaya Suppliers 0486 Pvt Ltd,36TFEBE5407K1ZI,Telangana,Wholesale
CMP0487,Green Traders 0487 Pvt Ltd,27PF0R8U7WPG1ZB,Maharashtra,Automotive
CMP0488,Apex Solutions 0488 Pvt Ltd,29JZP97BMZRR1ZX,Karnataka,Food Processing
CMP0489,Vijaya Industries 0489 Pvt Ltd,36HK403UXH9A1ZY,Telangana,Wholesale
CMP0490,Vertex Industries 0490 Pvt Ltd,29IRDLK9EN7D1ZK,Karnataka,Food Processing
CMP0491,Prime Solutions 0491 Pvt Ltd,373XQ8VA8X8L1ZX,Andhra Pradesh,Wholesale
CMP0492,Sri Works 0492 Pvt Ltd,29BXLBC8NOG81ZM,Karnataka,Textiles
CMP0493,Sri Enterprises 0493 Pvt Ltd,37NOX8FK20761ZT,Andhra Pradesh,Food Processing
CMP0494,Prime Works 0494 Pvt Ltd,24NHQNJVDPNG1ZU,Gujarat,Construction
CMP0495,Apex Manufacturing 0495 Pvt Ltd,36MQIYFRWSKP1ZZ,Telangana,Logistics
CMP0496,Global Enterprises 0496 Pvt Ltd,27YKIPUT7SSO1ZO,Maharashtra,Wholesale
CMP0497,Vijaya Traders 0497 Pvt Ltd,27V1A0Q24BOZ1ZK,Maharashtra,Wholesale
CMP0498,Blue Manufacturing 0498 Pvt Ltd,193M73HC9JYP1ZA,West Bengal,Manufacturing
CMP0499,Prime Industries 0499 Pvt Ltd,07GRY58VRW9M1ZV,Delhi,Construction
CMP0500,Prime Enterprises 0500 Pvt Ltd,27EG3ZGARFI41ZZ,Maharashtra,IT Services
CMP0501,Prime Traders 0501 Pvt Ltd,331FPE60QRAQ1ZH,Tamil Nadu,Automotive
CMP0502,Eastern Works 0502 Pvt Ltd,274BAWZ940VT1ZJ,Maharashtra,Manufacturing
CMP0503,Vertex Solutions 0503 Pvt Ltd,19S0765ICAUT1ZI,West Bengal,Construction
CMP0504,Prime Solutions 0504 Pvt Ltd,19WXQPF0QPSV1ZV,West Bengal,Pharmaceuticals
CMP0505,Blue Enterprises 0505 Pvt Ltd,0950OP7XMR8F1ZG,Uttar Pradesh,Electronics
CMP0506,Blue Enterprises 0506 Pvt Ltd,36GFR27RIU9M1ZI,Telangana,Pharmaceuticals
CMP0507,Global Works 0507 Pvt Ltd,294S3MEIUR921ZY,Karnataka,Manufacturing
CMP0508,National Enterprises 0508 Pvt Ltd,0845VDB828191ZZ,Rajasthan,Wholesale
CMP0509,Prime Works 0509 Pvt Ltd,09USGEHN0Z1R1ZD,Uttar Pradesh,Food Processing
CMP0510,Vijaya Works 0510 Pvt Ltd,24E4PO1I3MSD1ZL,Gujarat,Construction
CMP0511,Sri Enterprises 0511 Pvt Ltd,241T2EP768SY1ZA,Gujarat,Logistics
CMP0512,Apex Suppliers 0512 Pvt Ltd,2937DL9FC1XX1ZS,Karnataka,Manufacturing
CMP0513,National Solutions 0513 Pvt Ltd,08OYTK06AKT71ZW,Rajasthan,Construction
CMP0514,Sri Manufacturing 0514 Pvt Ltd,19WWPM3X15DT1ZM,West Bengal,Food Processing
CMP0515,Green Traders 0515 Pvt Ltd,08HSLMWA6TJ31ZJ,Rajasthan,Construction
CMP0516,Prime Suppliers 0516 Pvt Ltd,08CNWMBXEK0Q1ZH,Rajasthan,Wholesale
CMP0517,Green Works 0517 Pvt Ltd,09VMK2ZYZSIL1ZS,Uttar Pradesh,Automotive
CMP0518,Blue Industries 0518 Pvt Ltd,24FPODPEHCYO1ZR,Gujarat,IT Services
CMP0519,National Manufacturing 0519 Pvt Ltd,07RPP7R93FEZ1ZE,Delhi,IT Services
CMP0520,Prime Suppliers 0520 Pvt Ltd,08HR07N8VOEU1ZB,Rajasthan,IT Services
CMP0521,Prime Traders 0521 Pvt Ltd,29KNKBF2P7KK1ZF,Karnataka,Logistics
CMP0522,Prime Manufacturing 0522 Pvt Ltd,37M5PUU62RZV1ZY,Andhra Pradesh,Food Processing
CMP0523,Blue Works 0523 Pvt Ltd,08QQ5L2XOIOT1ZV,Rajasthan,Logistics
CMP0524,Prime Works 0524 Pvt Ltd,27FAW1LXXD8T1ZY,Maharashtra,Manufacturing
CMP0525,Green Enterprises 0525 Pvt Ltd,091SAXT8JH341ZS,Uttar Pradesh,Logistics
CMP0526,Green Manufacturing 0526 Pvt Ltd,36LVR7MGATND1ZD,Telangana,IT Services
CMP0527,National Enterprises 0527 Pvt Ltd,29G1F8YC8GZK1ZD,Karnataka,Pharmaceuticals
CMP0528,Vertex Traders 0528 Pvt Ltd,29J76BIVISS81ZI,Karnataka,Manufacturing
CMP0529,Blue Manufacturing 0529 Pvt Ltd,24OROI5J8YIT1ZZ,Gujarat,Food Processing
CMP0530,Eastern Solutions 0530 Pvt Ltd,27Q4S2FTGI881ZR,Maharashtra,Logistics
CMP0531,Apex Works 0531 Pvt Ltd,37Q3K8A7RV4N1ZL,Andhra Pradesh,Automotive
CMP0532,Green Traders 0532 Pvt Ltd,09B0UKOEFUKP1ZT,Uttar Pradesh,IT Services
CMP0533,Vijaya Suppliers 0533 Pvt Ltd,24J1QI9MQVAY1ZU,Gujarat,Manufacturing
CMP0534,Blue Industries 0534 Pvt Ltd,096YO6Z1T2XC1ZA,Uttar Pradesh,Logistics
CMP0535,Vijaya Works 0535 Pvt Ltd,36NVN439ENGA1ZX,Telangana,Manufacturing
CMP0536,Vijaya Enterprises 0536 Pvt Ltd,27DWKZIRNK6Z1ZG,Maharashtra,Manufacturing
CMP0537,Vertex Industries 0537 Pvt Ltd,335URTXUYUCE1ZC,Tamil Nadu,Food Processing
CMP0538,Eastern Works 0538 Pvt Ltd,27IS2GY9YTJU1ZO,Maharashtra,Manufacturing
CMP0539,Apex Works 0539 Pvt Ltd,077P9JYQN15I1ZI,Delhi,Construction
CMP0540,Blue Traders 0540 Pvt Ltd,08AHCUA09PCI1ZF,Rajasthan,Pharmaceuticals
CMP0541,Prime Suppliers 0541 Pvt Ltd,27WBPA274IR81ZB,Maharashtra,Pharmaceuticals
CMP0542,Sri Industries 0542 Pvt Ltd,081W1WUDCBL41ZC,Rajasthan,Food Processing
CMP0543,Blue Industries 0543 Pvt Ltd,37KWCYUKND1I1ZT,Andhra Pradesh,Wholesale
CMP0544,Blue Solutions 0544 Pvt Ltd,37QPWDXYASVD1ZA,Andhra Pradesh,Wholesale
CMP0545,Eastern Works 0545 Pvt Ltd,3646ESMRWGEB1ZE,Telangana,Electronics
CMP0546,Vertex Manufacturing 0546 Pvt Ltd,0981L51FLMNA1ZS,Uttar Pradesh,Food Processing
CMP0547,Sri Manufacturing 0547 Pvt Ltd,373UBM9XHCGR1ZW,Andhra Pradesh,Logistics
CMP0548,Vijaya Works 0548 Pvt Ltd,09U8WPFQ2BHA1ZH,Uttar Pradesh,Automotive
CMP0549,Eastern Enterprises 0549 Pvt Ltd,19I08L0HG9NC1ZA,West Bengal,IT Services
CMP0550,Global Traders 0550 Pvt Ltd,36PW6M9HKHJG1ZR,Telangana,Automotive
CMP0551,Sri Industries 0551 Pvt Ltd,29GJD3EX5MHQ1ZL,Karnataka,Pharmaceuticals
CMP0552,Green Works 0552 Pvt Ltd,29955CF72GNN1ZT,Karnataka,Construction
CMP0553,Apex Works 0553 Pvt Ltd,33WGT2LB25481ZP,Tamil Nadu,Automotive
CMP0554,Blue Works 0554 Pvt Ltd,36XCS1XSRQLN1ZW,Telangana,Logistics
CMP0555,Blue Traders 0555 Pvt Ltd,19UW2XH6QIHP1ZM,West Bengal,Wholesale
CMP0556,Vijaya Traders 0556 Pvt Ltd,29TEDQMVQWPQ1ZN,Karnataka,Pharmaceuticals
CMP0557,Vijaya Traders 0557 Pvt Ltd,19NGIXMC4SX21ZH,West Bengal,Textiles
CMP0558,Prime Traders 0558 Pvt Ltd,36BHHLK3YJZ91ZY,Telangana,IT Services
CMP0559,Apex Works 0559 Pvt Ltd,27K32OOUXQS11ZE,Maharashtra,Construction
CMP0560,Sri Suppliers 0560 Pvt Ltd,330RS210Q2LG1ZY,Tamil Nadu,Construction
CMP0561,Blue Solutions 0561 Pvt Ltd,334BF5L0RXMI1ZN,Tamil Nadu,Construction
CMP0562,National Traders 0562 Pvt Ltd,08VUBF99U26U1ZM,Rajasthan,Construction
CMP0563,Vertex Industries 0563 Pvt Ltd,33TGDUQ6DDTB1ZW,Tamil Nadu,Wholesale
CMP0564,Apex Enterprises 0564 Pvt Ltd,19H6NHKSQNAL1ZN,West Bengal,Construction
CMP0565,Prime Enterprises 0565 Pvt Ltd,29TRC85EHPZR1ZT,Karnataka,Wholesale
CMP0566,Eastern Enterprises 0566 Pvt Ltd,27SYJAFCO3S61ZP,Maharashtra,Logistics
CMP0567,Eastern Industries 0567 Pvt Ltd,190K5QZZKW3G1ZH,West Bengal,Food Processing
CMP0568,Vertex Solutions 0568 Pvt Ltd,09NXZDZB5F5T1ZV,Uttar Pradesh,Textiles
CMP0569,Blue Solutions 0569 Pvt Ltd,339T9CD1LQJS1ZO,Tamil Nadu,Manufacturing
CMP0570,Blue Solutions 0570 Pvt Ltd,36MOGBJZEYQQ1ZC,Telangana,IT Services
CMP0571,Blue Enterprises 0571 Pvt Ltd,33QKF4VGE0GY1ZA,Tamil Nadu,Electronics
CMP0572,Blue Traders 0572 Pvt Ltd,29GZ6TPBWSXX1ZD,Karnataka,Construction
CMP0573,Blue Industries 0573 Pvt Ltd,27VBNHI6HABA1ZG,Maharashtra,Textiles
CMP0574,Prime Works 0574 Pvt Ltd,334X0BS3LWW71ZM,Tamil Nadu,Construction
CMP0575,Sri Enterprises 0575 Pvt Ltd,36DLAXAHHXKW1ZB,Telangana,Textiles
CMP0576,Vertex Traders 0576 Pvt Ltd,331R9Z27UJDL1ZU,Tamil Nadu,Construction
CMP0577,Vijaya Enterprises 0577 Pvt Ltd,29W5L4RMVVNX1ZH,Karnataka,IT Services
CMP0578,Apex Enterprises 0578 Pvt Ltd,09A1EIPICERH1ZM,Uttar Pradesh,Automotive
CMP0579,Sri Suppliers 0579 Pvt Ltd,37V80LKX1S9X1ZJ,Andhra Pradesh,Manufacturing
CMP0580,Vijaya Traders 0580 Pvt Ltd,33IT6XIYZVNL1ZO,Tamil Nadu,Manufacturing
CMP0581,Blue Industries 0581 Pvt Ltd,368B97EGT2HS1ZN,Telangana,Logistics
CMP0582,Global Suppliers 0582 Pvt Ltd,27HPVKU8H5R81ZL,Maharashtra,Construction
CMP0583,Global Solutions 0583 Pvt Ltd,07PS0132AN411ZJ,Delhi,Wholesale
CMP0584,Global Manufacturing 0584 Pvt Ltd,080JQQNVCEQF1ZG,Rajasthan,Manufacturing
CMP0585,Green Suppliers 0585 Pvt Ltd,370R778NRXVO1ZB,Andhra Pradesh,Textiles
CMP0586,Eastern Enterprises 0586 Pvt Ltd,07GPJ60SRYZX1ZN,Delhi,Automotive
CMP0587,Blue Industries 0587 Pvt Ltd,337NZBXFV7FI1ZS,Tamil Nadu,Food Processing
CMP0588,Prime Works 0588 Pvt Ltd,37DZNZ9C65FP1ZW,Andhra Pradesh,Electronics
CMP0589,Green Suppliers 0589 Pvt Ltd,085V0175DU231ZI,Rajasthan,Automotive
CMP0590,National Industries 0590 Pvt Ltd,0793ACZSX0GN1ZW,Delhi,Food Processing
CMP0591,Blue Enterprises 0591 Pvt Ltd,33SDUHH03G951ZO,Tamil Nadu,Wholesale
CMP0592,Global Industries 0592 Pvt Ltd,36KNJMVRYDC11ZA,Telangana,Wholesale
CMP0593,Prime Enterprises 0593 Pvt Ltd,37SAV917RMPN1ZK,Andhra Pradesh,Pharmaceuticals
CMP0594,Vijaya Suppliers 0594 Pvt Ltd,33OV953A5O471ZA,Tamil Nadu,Wholesale
CMP0595,Green Traders 0595 Pvt Ltd,3681IQY5SXAW1ZK,Telangana,Manufacturing
CMP0596,Apex Works 0596 Pvt Ltd,240YIR02M77R1ZV,Gujarat,Textiles
CMP0597,National Manufacturing 0597 Pvt Ltd,07HFSU4SE2KY1ZR,Delhi,Logistics
CMP0598,Blue Industries 0598 Pvt Ltd,29RTIG7ZD9B71ZK,Karnataka,Construction
CMP0599,Sri Suppliers 0599 Pvt Ltd,27JR6EET0DY51ZS,Maharashtra,Wholesale
CMP0600,Vijaya Solutions 0600 Pvt Ltd,36600X28PIJK1ZD,Telangana,Textiles
CMP0601,Eastern Enterprises 0601 Pvt Ltd,240EN48UACT41ZN,Gujarat,Pharmaceuticals
CMP0602,Global Manufacturing 0602 Pvt Ltd,24XVDA4L3KHY1ZE,Gujarat,Wholesale
CMP0603,Global Suppliers 0603 Pvt Ltd,27X2ZVL9E9ZR1ZG,Maharashtra,Logistics
CMP0604,Vertex Industries 0604 Pvt Ltd,279L3H03ZB5G1ZP,Maharashtra,Construction
CMP0605,Global Industries 0605 Pvt Ltd,27TMY91OTKZH1ZR,Maharashtra,Construction
CMP0606,Global Traders 0606 Pvt Ltd,361U24ZQFEZK1ZE,Telangana,Automotive
CMP0607,Sri Suppliers 0607 Pvt Ltd,33XN4D24N9YG1ZB,Tamil Nadu,Textiles
CMP0608,Blue Enterprises 0608 Pvt Ltd,248ESMPF0IEO1ZJ,Gujarat,Wholesale
CMP0609,Vertex Works 0609 Pvt Ltd,29Y2X15XJXNE1ZC,Karnataka,Textiles
CMP0610,Green Enterprises 0610 Pvt Ltd,19AUUJ02GRXP1ZS,West Bengal,Food Processing
CMP0611,Vijaya Industries 0611 Pvt Ltd,36Z5TOZO32TC1ZS,Telangana,IT Services
CMP0612,Sri Suppliers 0612 Pvt Ltd,366GVGT2EEHF1ZR,Telangana,Electronics
CMP0613,Prime Industries 0613 Pvt Ltd,37SNTP8AK8S21ZV,Andhra Pradesh,IT Services
CMP0614,Global Manufacturing 0614 Pvt Ltd,19RL69VSYXBB1ZE,West Bengal,Electronics
CMP0615,Global Manufacturing 0615 Pvt Ltd,33TVJ0PTJXFQ1ZI,Tamil Nadu,Construction
CMP0616,Green Enterprises 0616 Pvt Ltd,29C09ZGNX3VP1ZE,Karnataka,Pharmaceuticals
CMP0617,Vertex Industries 0617 Pvt Ltd,078IJTYOLD621ZE,Delhi,Automotive
CMP0618,Apex Industries 0618 Pvt Ltd,27N8ND7G0L3R1ZQ,Maharashtra,Pharmaceuticals
CMP0619,National Manufacturing 0619 Pvt Ltd,09JDBL1G3Y2T1ZM,Uttar Pradesh,Logistics
CMP0620,Global Traders 0620 Pvt Ltd,09ASFEN0B09Z1ZH,Uttar Pradesh,Wholesale
CMP0621,Blue Enterprises 0621 Pvt Ltd,07PMQK8SZ7IW1ZC,Delhi,Electronics
CMP0622,Vijaya Works 0622 Pvt Ltd,07DC08FC0TR51ZN,Delhi,IT Services
CMP0623,Blue Solutions 0623 Pvt Ltd,29S95ZOW60ZZ1ZX,Karnataka,Pharmaceuticals
CMP0624,Green Suppliers 0624 Pvt Ltd,33VV8Y5SIC4S1ZB,Tamil Nadu,Construction
CMP0625,Vertex Enterprises 0625 Pvt Ltd,19NE6IT1EKKH1ZX,West Bengal,Wholesale
CMP0626,Sri Traders 0626 Pvt Ltd,0778S6764CAQ1ZJ,Delhi,Pharmaceuticals
CMP0627,Apex Traders 0627 Pvt Ltd,366GMDRDSFER1ZE,Telangana,Electronics
CMP0628,Blue Solutions 0628 Pvt Ltd,33NN6TJ9XPF01ZA,Tamil Nadu,Pharmaceuticals
CMP0629,Prime Enterprises 0629 Pvt Ltd,33KEPLBX889E1ZP,Tamil Nadu,IT Services
CMP0630,Global Traders 0630 Pvt Ltd,1912O003E82E1ZL,West Bengal,IT Services
CMP0631,Sri Industries 0631 Pvt Ltd,37YM90PKR1IF1ZQ,Andhra Pradesh,Food Processing
CMP0632,National Works 0632 Pvt Ltd,33EJZXPR2D0V1ZG,Tamil Nadu,Wholesale
CMP0633,Sri Industries 0633 Pvt Ltd,29EB97PWDBOL1ZU,Karnataka,Automotive
CMP0634,Vijaya Solutions 0634 Pvt Ltd,33RSXKJKMPLB1ZB,Tamil Nadu,Manufacturing
CMP0635,Vijaya Enterprises 0635 Pvt Ltd,37KKVPJRMEYY1ZY,Andhra Pradesh,Food Processing
CMP0636,Vijaya Suppliers 0636 Pvt Ltd,2430VVIJVDDW1ZT,Gujarat,Textiles
CMP0637,Eastern Suppliers 0637 Pvt Ltd,373GQD7WKR1T1ZE,Andhra Pradesh,Manufacturing
CMP0638,Sri Solutions 0638 Pvt Ltd,29TJ54696QZ61ZC,Karnataka,Logistics
CMP0639,Green Manufacturing 0639 Pvt Ltd,072GJ8K8C9G31ZP,Delhi,IT Services
CMP0640,Prime Enterprises 0640 Pvt Ltd,08PSUOVHAUVA1ZZ,Rajasthan,IT Services
CMP0641,Green Suppliers 0641 Pvt Ltd,19ZJ4KJEITKX1ZI,West Bengal,Food Processing
CMP0642,Apex Suppliers 0642 Pvt Ltd,2799HEXW8L851ZI,Maharashtra,Food Processing
CMP0643,Eastern Traders 0643 Pvt Ltd,07LC33H8G8T91ZY,Delhi,Wholesale
CMP0644,Vertex Suppliers 0644 Pvt Ltd,36JWVHPLHW4O1ZO,Telangana,Automotive
CMP0645,Vijaya Enterprises 0645 Pvt Ltd,076DGG5GR0XA1ZF,Delhi,Food Processing
CMP0646,Eastern Enterprises 0646 Pvt Ltd,07CCI68DS03V1ZM,Delhi,Construction
CMP0647,Prime Works 0647 Pvt Ltd,37A37E1J7V2A1ZZ,Andhra Pradesh,Textiles
CMP0648,Vijaya Works 0648 Pvt Ltd,08ZHRUPFLFCY1ZU,Rajasthan,IT Services
CMP0649,Apex Works 0649 Pvt Ltd,36BTD5OAIINM1ZJ,Telangana,Automotive
CMP0650,Prime Solutions 0650 Pvt Ltd,07GDD8MWE7761ZT,Delhi,Food Processing
CMP0651,Vertex Manufacturing 0651 Pvt Ltd,29MGP6YWK5JR1ZL,Karnataka,Electronics
CMP0652,Apex Works 0652 Pvt Ltd,367FXLOZ2RCU1ZX,Telangana,Electronics
CMP0653,Prime Traders 0653 Pvt Ltd,299GNLPYO2M21ZU,Karnataka,Automotive
CMP0654,Vertex Manufacturing 0654 Pvt Ltd,07RTT3NUPUY01ZW,Delhi,Textiles
CMP0655,Vijaya Industries 0655 Pvt Ltd,33H4NRED6M421ZE,Tamil Nadu,Electronics
CMP0656,Global Works 0656 Pvt Ltd,19486I3CE8ZN1ZA,West Bengal,Construction
CMP0657,Apex Suppliers 0657 Pvt Ltd,24DURVFFFIA31ZN,Gujarat,Food Processing
CMP0658,Blue Suppliers 0658 Pvt Ltd,29FS8Q0PXAEC1ZU,Karnataka,Manufacturing
CMP0659,Global Manufacturing 0659 Pvt Ltd,09FOP8QZJULI1ZF,Uttar Pradesh,Electronics
CMP0660,Green Solutions 0660 Pvt Ltd,369EHWHG0U431ZO,Telangana,Logistics
CMP0661,Vertex Works 0661 Pvt Ltd,24NBNPJDN2MI1ZF,Gujarat,IT Services
CMP0662,Prime Enterprises 0662 Pvt Ltd,36V1LTWBJ9UU1ZZ,Telangana,Logistics
CMP0663,Apex Traders 0663 Pvt Ltd,37DL918SLOME1ZV,Andhra Pradesh,Textiles
CMP0664,Vertex Suppliers 0664 Pvt Ltd,24SS1A2R5BFY1ZC,Gujarat,Textiles
CMP0665,Sri Works 0665 Pvt Ltd,33YFZ9S9VS1Q1ZE,Tamil Nadu,Pharmaceuticals
CMP0666,Vijaya Manufacturing 0666 Pvt Ltd,274P61NHVCFW1ZP,Maharashtra,Textiles
CMP0667,Global Works 0667 Pvt Ltd,375T82DDL7FK1ZL,Andhra Pradesh,Pharmaceuticals
CMP0668,Prime Enterprises 0668 Pvt Ltd,36ZQ991P778R1ZL,Telangana,Electronics
CMP0669,Vertex Works 0669 Pvt Ltd,07WYPSWLDOQ51ZV,Delhi,Manufacturing
CMP0670,Apex Suppliers 0670 Pvt Ltd,092ZUFDNU4I51ZV,Uttar Pradesh,Textiles
CMP0671,Blue Solutions 0671 Pvt Ltd,24X6QD0771HL1ZK,Gujarat,Pharmaceuticals
CMP0672,Blue Enterprises 0672 Pvt Ltd,09ZRKBFQXLBV1ZM,Uttar Pradesh,Manufacturing
CMP0673,Vertex Solutions 0673 Pvt Ltd,24HHA1PJGFJC1ZW,Gujarat,Logistics
CMP0674,Green Enterprises 0674 Pvt Ltd,07YJ3D6M1FMP1ZP,Delhi,IT Services
CMP0675,Vertex Traders 0675 Pvt Ltd,296U3U6H0UFX1ZX,Karnataka,Pharmaceuticals
CMP0676,Global Solutions 0676 Pvt Ltd,377RL2YJ09741ZU,Andhra Pradesh,Logistics
CMP0677,Prime Industries 0677 Pvt Ltd,09H9PTFNM88U1ZA,Uttar Pradesh,Pharmaceuticals
CMP0678,Apex Traders 0678 Pvt Ltd,246S5ZXQOMTS1ZY,Gujarat,Pharmaceuticals
CMP0679,Global Solutions 0679 Pvt Ltd,36PGVTN4YPKW1ZD,Telangana,Textiles
CMP0680,Prime Suppliers 0680 Pvt Ltd,36A7D0WTWS3Y1ZN,Telangana,Automotive
CMP0681,Blue Manufacturing 0681 Pvt Ltd,33NHQE86O3Z01ZA,Tamil Nadu,Pharmaceuticals
CMP0682,Green Traders 0682 Pvt Ltd,33JXL66YA6BA1ZZ,Tamil Nadu,Pharmaceuticals
CMP0683,Eastern Traders 0683 Pvt Ltd,08M89I9GX32U1ZE,Rajasthan,Construction
CMP0684,Vertex Traders 0684 Pvt Ltd,29SPD2SW24WJ1ZR,Karnataka,Food Processing
CMP0685,Sri Industries 0685 Pvt Ltd,24DPWVBZ7CN01ZE,Gujarat,Logistics
CMP0686,Global Enterprises 0686 Pvt Ltd,24XHG403NJBC1ZE,Gujarat,Manufacturing
CMP0687,Prime Industries 0687 Pvt Ltd,09QVDK6DRN4O1ZP,Uttar Pradesh,Manufacturing
CMP0688,Prime Solutions 0688 Pvt Ltd,078CYNL63GAG1ZS,Delhi,Wholesale
CMP0689,Prime Traders 0689 Pvt Ltd,379RWTF07GBA1ZQ,Andhra Pradesh,Food Processing
CMP0690,Vijaya Industries 0690 Pvt Ltd,336BEDYEJHDZ1ZU,Tamil Nadu,Electronics
CMP0691,Blue Solutions 0691 Pvt Ltd,19SOGGY5KOV11ZJ,West Bengal,Food Processing
CMP0692,Blue Solutions 0692 Pvt Ltd,335P03WVPUNW1ZC,Tamil Nadu,Logistics
CMP0693,Apex Manufacturing 0693 Pvt Ltd,29JOV58TOE3P1ZF,Karnataka,Pharmaceuticals
CMP0694,Prime Enterprises 0694 Pvt Ltd,33XN2ELALQ261ZR,Tamil Nadu,Textiles
CMP0695,National Manufacturing 0695 Pvt Ltd,07HHUZ83YUXY1ZN,Delhi,Pharmaceuticals
CMP0696,Sri Enterprises 0696 Pvt Ltd,24BRBJEQVVIA1ZA,Gujarat,Wholesale
CMP0697,Blue Traders 0697 Pvt Ltd,37E8BTSMAQ3O1ZJ,Andhra Pradesh,Electronics
CMP0698,Vijaya Solutions 0698 Pvt Ltd,24C1RBK9RX641ZT,Gujarat,Textiles
CMP0699,Sri Industries 0699 Pvt Ltd,373E950ID0331ZR,Andhra Pradesh,Manufacturing
CMP0700,National Works 0700 Pvt Ltd,37BBKJY2NZ7V1ZD,Andhra Pradesh,Food Processing
CMP0701,Global Works 0701 Pvt Ltd,24V46WYSIRRK1ZY,Gujarat,Logistics
CMP0702,Prime Traders 0702 Pvt Ltd,331ZM4IX4ZCR1ZG,Tamil Nadu,Manufacturing
CMP0703,Blue Works 0703 Pvt Ltd,33NRM31SL7ZX1ZQ,Tamil Nadu,Textiles
CMP0704,Sri Traders 0704 Pvt Ltd,29NQWHOCPY8U1ZD,Karnataka,Food Processing
CMP0705,Prime Suppliers 0705 Pvt Ltd,19DAQJRTMETM1ZG,West Bengal,Food Processing
CMP0706,Green Solutions 0706 Pvt Ltd,07SBJDX0PKOV1ZQ,Delhi,Wholesale
CMP0707,Green Solutions 0707 Pvt Ltd,19DBIDE6UITJ1ZT,West Bengal,Construction
CMP0708,Vertex Industries 0708 Pvt Ltd,07H3YRGHWZKA1ZF,Delhi,IT Services
CMP0709,Blue Suppliers 0709 Pvt Ltd,09K6ILCG6FAR1ZK,Uttar Pradesh,Manufacturing
CMP0710,National Industries 0710 Pvt Ltd,29G1AMRA5RBA1ZV,Karnataka,Electronics
CMP0711,Green Manufacturing 0711 Pvt Ltd,33GFDK0Q09JR1ZL,Tamil Nadu,Logistics
CMP0712,Vijaya Traders 0712 Pvt Ltd,37Z6146VEY0A1ZN,Andhra Pradesh,Automotive
CMP0713,Vijaya Solutions 0713 Pvt Ltd,29BUZPHD7NDJ1ZU,Karnataka,IT Services
CMP0714,Green Enterprises 0714 Pvt Ltd,19JY5OP9LBSM1ZT,West Bengal,Textiles
CMP0715,Blue Manufacturing 0715 Pvt Ltd,0782K8RYQF8W1ZV,Delhi,Food Processing
CMP0716,Blue Traders 0716 Pvt Ltd,27CKQH3ERAM41ZB,Maharashtra,Electronics
CMP0717,Vijaya Traders 0717 Pvt Ltd,292S8U8ZF0P71ZJ,Karnataka,Automotive
CMP0718,Blue Traders 0718 Pvt Ltd,37IYNO667VGP1ZK,Andhra Pradesh,Wholesale
CMP0719,Sri Traders 0719 Pvt Ltd,29ETKDUWTN5P1ZE,Karnataka,IT Services
CMP0720,Vijaya Manufacturing 0720 Pvt Ltd,197ZQPPOAU8P1ZY,West Bengal,Food Processing
CMP0721,National Works 0721 Pvt Ltd,09ISETUK1OOA1ZZ,Uttar Pradesh,IT Services
CMP0722,Apex Industries 0722 Pvt Ltd,19B3XMDKRLC01ZV,West Bengal,IT Services
CMP0723,Sri Manufacturing 0723 Pvt Ltd,37F0RIY4KL9A1ZP,Andhra Pradesh,Wholesale
CMP0724,Prime Industries 0724 Pvt Ltd,33AVEDHR3PCE1ZM,Tamil Nadu,Logistics
CMP0725,Sri Works 0725 Pvt Ltd,294JWPXEFAF01ZH,Karnataka,Food Processing
CMP0726,Green Enterprises 0726 Pvt Ltd,08RKY8RYOZDP1ZN,Rajasthan,Food Processing
CMP0727,National Solutions 0727 Pvt Ltd,37EOUBXXQ6MF1ZX,Andhra Pradesh,Logistics
CMP0728,Apex Enterprises 0728 Pvt Ltd,27M4SMZOCXMZ1ZK,Maharashtra,Logistics
CMP0729,National Works 0729 Pvt Ltd,291KO6XNQXU71ZY,Karnataka,IT Services
CMP0730,Global Suppliers 0730 Pvt Ltd,27L8MWOB4FDD1ZV,Maharashtra,Logistics
CMP0731,Sri Works 0731 Pvt Ltd,2430I6G61PCW1ZD,Gujarat,Manufacturing
CMP0732,Blue Works 0732 Pvt Ltd,36NWBGDQEWUH1ZP,Telangana,Logistics
CMP0733,Sri Enterprises 0733 Pvt Ltd,270PT2DA8DBF1ZA,Maharashtra,Pharmaceuticals
CMP0734,Eastern Manufacturing 0734 Pvt Ltd,075MY80TGH3S1ZL,Delhi,Wholesale
CMP0735,Global Works 0735 Pvt Ltd,08CPNCC2KEIV1ZK,Rajasthan,Manufacturing
CMP0736,National Works 0736 Pvt Ltd,33JZC58CU47S1ZM,Tamil Nadu,Wholesale
CMP0737,Green Suppliers 0737 Pvt Ltd,376U79XBPH5C1ZG,Andhra Pradesh,IT Services
CMP0738,Apex Enterprises 0738 Pvt Ltd,24R3UV43MCO01ZC,Gujarat,IT Services
CMP0739,Global Traders 0739 Pvt Ltd,190DRIMR25I71ZA,West Bengal,Automotive
CMP0740,Eastern Works 0740 Pvt Ltd,08NYARNNEZTE1ZD,Rajasthan,Wholesale
CMP0741,Vijaya Enterprises 0741 Pvt Ltd,24M7IDAO13TB1ZZ,Gujarat,Manufacturing
CMP0742,Apex Industries 0742 Pvt Ltd,33CPKLV69EOX1ZV,Tamil Nadu,Textiles
CMP0743,National Manufacturing 0743 Pvt Ltd,36HZ364PKNT51ZH,Telangana,IT Services
CMP0744,Vijaya Suppliers 0744 Pvt Ltd,27TDMO8RC64S1ZJ,Maharashtra,IT Services
CMP0745,Prime Traders 0745 Pvt Ltd,3302BIP18A4J1ZS,Tamil Nadu,Construction
CMP0746,Prime Industries 0746 Pvt Ltd,27KVR5NBHGPB1ZJ,Maharashtra,Manufacturing
CMP0747,Vijaya Industries 0747 Pvt Ltd,0861M3J1HA0W1ZN,Rajasthan,Manufacturing
CMP0748,Green Solutions 0748 Pvt Ltd,3687K9TPZ1J81ZO,Telangana,Automotive
CMP0749,Apex Traders 0749 Pvt Ltd,2928DITMOWNX1ZZ,Karnataka,Wholesale
CMP0750,Prime Traders 0750 Pvt Ltd,37ULJGQPQ8R41ZG,Andhra Pradesh,Construction
CMP0751,Eastern Industries 0751 Pvt Ltd,37JVLCG1J5EW1ZE,Andhra Pradesh,Wholesale
CMP0752,Sri Industries 0752 Pvt Ltd,37XGSPLTI8991ZA,Andhra Pradesh,Pharmaceuticals
CMP0753,Apex Manufacturing 0753 Pvt Ltd,08IDSECHU3YC1ZN,Rajasthan,Electronics
CMP0754,Apex Traders 0754 Pvt Ltd,29VM96N7KBNK1ZE,Karnataka,Wholesale
CMP0755,Prime Manufacturing 0755 Pvt Ltd,37HLZ02Z7NUX1ZE,Andhra Pradesh,Construction
CMP0756,Prime Enterprises 0756 Pvt Ltd,36U9W0TE52VX1ZQ,Telangana,Logistics
CMP0757,National Enterprises 0757 Pvt Ltd,244KII1NQ0EI1ZX,Gujarat,Construction
CMP0758,Prime Traders 0758 Pvt Ltd,24UCNRI2I3971ZH,Gujarat,Construction
CMP0759,Global Manufacturing 0759 Pvt Ltd,09JKLCP9UW161ZO,Uttar Pradesh,Manufacturing
CMP0760,Prime Solutions 0760 Pvt Ltd,29JT70EBPY9E1ZQ,Karnataka,Construction
CMP0761,Vijaya Enterprises 0761 Pvt Ltd,07OUZE66VW9B1ZX,Delhi,Pharmaceuticals
CMP0762,Vertex Suppliers 0762 Pvt Ltd,19Q4KREG167D1ZA,West Bengal,Wholesale
CMP0763,Vijaya Suppliers 0763 Pvt Ltd,09XNPSV8DKMU1ZQ,Uttar Pradesh,Wholesale
CMP0764,Vertex Traders 0764 Pvt Ltd,08LLGF309HSU1ZT,Rajasthan,Pharmaceuticals
CMP0765,Vijaya Traders 0765 Pvt Ltd,36FKRIG7JVDI1ZI,Telangana,Food Processing
CMP0766,Sri Manufacturing 0766 Pvt Ltd,3641A68T2A3A1ZG,Telangana,Electronics
CMP0767,Vertex Suppliers 0767 Pvt Ltd,09QEQ7Z7E5RD1ZE,Uttar Pradesh,Electronics
CMP0768,Vijaya Works 0768 Pvt Ltd,36C20LSJWS1Z1ZK,Telangana,Manufacturing
CMP0769,Prime Suppliers 0769 Pvt Ltd,072L4X5BWAEN1ZH,Delhi,Automotive
CMP0770,Blue Enterprises 0770 Pvt Ltd,27RGREWDS0HP1ZP,Maharashtra,IT Services
CMP0771,Sri Suppliers 0771 Pvt Ltd,09GPJNVWRXGK1ZH,Uttar Pradesh,Electronics
CMP0772,Blue Works 0772 Pvt Ltd,19WVTKH861PQ1ZH,West Bengal,Construction
CMP0773,Global Solutions 0773 Pvt Ltd,368XMOE545VY1ZA,Telangana,Electronics
CMP0774,Green Enterprises 0774 Pvt Ltd,2762C1JLOPO61ZI,Maharashtra,Logistics
CMP0775,Vijaya Suppliers 0775 Pvt Ltd,333LOUFHW8WL1ZT,Tamil Nadu,IT Services
CMP0776,Apex Works 0776 Pvt Ltd,37N2LM1CBHT91ZR,Andhra Pradesh,Construction
CMP0777,National Works 0777 Pvt Ltd,33FNOTIA41SS1ZZ,Tamil Nadu,Logistics
CMP0778,Global Traders 0778 Pvt Ltd,37KI1IJE2XE01ZI,Andhra Pradesh,Textiles
CMP0779,Prime Manufacturing 0779 Pvt Ltd,36Z1OA3VF02G1ZT,Telangana,Electronics
CMP0780,Vertex Manufacturing 0780 Pvt Ltd,240KQD8UNPIO1ZI,Gujarat,Logistics
CMP0781,Green Manufacturing 0781 Pvt Ltd,27IARONTDI9O1ZH,Maharashtra,Logistics
CMP0782,Blue Manufacturing 0782 Pvt Ltd,24DLFWDUH7VD1ZM,Gujarat,Wholesale
CMP0783,Green Suppliers 0783 Pvt Ltd,1941CRO04BYV1ZA,West Bengal,Electronics
CMP0784,Green Works 0784 Pvt Ltd,33RR8IQRT0071ZN,Tamil Nadu,Textiles
CMP0785,Global Works 0785 Pvt Ltd,07ASEH5E5RWS1ZE,Delhi,IT Services
CMP0786,Vertex Industries 0786 Pvt Ltd,07KPK7YSWNXF1ZQ,Delhi,Automotive
CMP0787,Vijaya Manufacturing 0787 Pvt Ltd,09VQHL097FZR1ZK,Uttar Pradesh,Construction
CMP0788,Global Solutions 0788 Pvt Ltd,29C9LGYTLCQF1ZL,Karnataka,IT Services
CMP0789,Vijaya Suppliers 0789 Pvt Ltd,33AGK6P0N17U1ZU,Tamil Nadu,Automotive
CMP0790,Eastern Enterprises 0790 Pvt Ltd,36DHGUESXNU41ZT,Telangana,Electronics
CMP0791,Blue Enterprises 0791 Pvt Ltd,09G29D2FF5L61ZB,Uttar Pradesh,Food Processing
CMP0792,Blue Solutions 0792 Pvt Ltd,08XLSEUNNRLS1ZQ,Rajasthan,Textiles
CMP0793,Sri Enterprises 0793 Pvt Ltd,0984Z4UR2YUP1ZL,Uttar Pradesh,Food Processing
CMP0794,Vijaya Works 0794 Pvt Ltd,37QY0HU97NG01ZA,Andhra Pradesh,Automotive
CMP0795,Vijaya Manufacturing 0795 Pvt Ltd,19HVL66SAJXX1ZM,West Bengal,Manufacturing
CMP0796,National Suppliers 0796 Pvt Ltd,27CUBZQVQG0X1ZR,Maharashtra,Textiles
CMP0797,Vijaya Industries 0797 Pvt Ltd,37WZZG4C4EPZ1ZK,Andhra Pradesh,Textiles
CMP0798,National Works 0798 Pvt Ltd,08GWA44LZ6V71ZQ,Rajasthan,Manufacturing
CMP0799,Vertex Works 0799 Pvt Ltd,07YCG1FJGBVY1ZN,Delhi,Food Processing
CMP0800,National Traders 0800 Pvt Ltd,37UEQ4D7D7GD1ZK,Andhra Pradesh,Wholesale
CMP0801,Global Works 0801 Pvt Ltd,37AWQ57LY7501ZX,Andhra Pradesh,Food Processing
CMP0802,Apex Solutions 0802 Pvt Ltd,27ZGFLIG5GKZ1ZI,Maharashtra,Textiles
CMP0803,Vijaya Manufacturing 0803 Pvt Ltd,19N1S3YG8VFU1ZW,West Bengal,Construction
CMP0804,National Enterprises 0804 Pvt Ltd,24M8T0JSHHJ71ZQ,Gujarat,Food Processing
CMP0805,Global Solutions 0805 Pvt Ltd,19VNNVBZW5AP1ZK,West Bengal,Pharmaceuticals
CMP0806,Global Traders 0806 Pvt Ltd,36LQGA3QUPO41ZI,Telangana,Pharmaceuticals
CMP0807,Vijaya Solutions 0807 Pvt Ltd,09YK8516SP181ZM,Uttar Pradesh,Wholesale
CMP0808,Global Manufacturing 0808 Pvt Ltd,37FKVZS8UFX21ZB,Andhra Pradesh,Textiles
CMP0809,Global Works 0809 Pvt Ltd,27MOQXHGLG4P1ZX,Maharashtra,Automotive
CMP0810,Green Works 0810 Pvt Ltd,291AFDTOHRNQ1ZH,Karnataka,Textiles
CMP0811,Global Traders 0811 Pvt Ltd,071E1630POCR1ZX,Delhi,Wholesale
CMP0812,Sri Manufacturing 0812 Pvt Ltd,37GINSAVOCIR1ZB,Andhra Pradesh,Automotive
CMP0813,Vertex Industries 0813 Pvt Ltd,27MXPKN3B8PF1ZV,Maharashtra,IT Services
CMP0814,Blue Works 0814 Pvt Ltd,36CYD52ALUNQ1ZP,Telangana,Construction
CMP0815,Apex Traders 0815 Pvt Ltd,07P0E36S2Z481ZD,Delhi,Food Processing
CMP0816,Green Works 0816 Pvt Ltd,07NYFM7VH30Q1ZB,Delhi,Logistics
CMP0817,Apex Industries 0817 Pvt Ltd,275QBVNPY1AJ1ZJ,Maharashtra,Pharmaceuticals
CMP0818,Apex Solutions 0818 Pvt Ltd,07LWVMB0IDD01ZU,Delhi,Logistics
CMP0819,National Traders 0819 Pvt Ltd,078YI340SQCN1ZE,Delhi,Wholesale
CMP0820,Vertex Manufacturing 0820 Pvt Ltd,369C70PA8JX51ZN,Telangana,Textiles
CMP0821,Eastern Traders 0821 Pvt Ltd,339WT2YBUH7J1ZW,Tamil Nadu,Food Processing
CMP0822,Green Suppliers 0822 Pvt Ltd,27BOGKAH2XJQ1ZZ,Maharashtra,Pharmaceuticals
CMP0823,Sri Enterprises 0823 Pvt Ltd,36ALCKZ3VWLO1ZR,Telangana,Manufacturing
CMP0824,Vijaya Traders 0824 Pvt Ltd,24MPQ0HZYJB41ZC,Gujarat,Logistics
CMP0825,Vijaya Industries 0825 Pvt Ltd,08H9NKLYBWGM1ZN,Rajasthan,Construction
CMP0826,National Manufacturing 0826 Pvt Ltd,3709NTN8EOHD1ZJ,Andhra Pradesh,Food Processing
CMP0827,Vertex Manufacturing 0827 Pvt Ltd,29O1PVLND5811ZK,Karnataka,IT Services
CMP0828,Green Solutions 0828 Pvt Ltd,08IO1K7F5OA31ZY,Rajasthan,Logistics
CMP0829,Prime Solutions 0829 Pvt Ltd,29UPPGBIVSCU1ZN,Karnataka,Manufacturing
CMP0830,Eastern Enterprises 0830 Pvt Ltd,24FWY8AV2OSG1ZF,Gujarat,Logistics
CMP0831,Sri Enterprises 0831 Pvt Ltd,24QZHECBUQYP1ZH,Gujarat,Food Processing
CMP0832,Green Suppliers 0832 Pvt Ltd,19EVL7FQ8ABY1ZQ,West Bengal,Logistics
CMP0833,Prime Works 0833 Pvt Ltd,07PJZE1XTAR01ZJ,Delhi,Construction
CMP0834,Vijaya Solutions 0834 Pvt Ltd,37ZSXPEFJ31E1ZF,Andhra Pradesh,Pharmaceuticals
CMP0835,Vijaya Enterprises 0835 Pvt Ltd,0762HDXC6RIJ1ZJ,Delhi,Logistics
CMP0836,Blue Suppliers 0836 Pvt Ltd,24JJBFSA5UZL1ZW,Gujarat,Food Processing
CMP0837,National Solutions 0837 Pvt Ltd,09ZYF2EV4JI41ZS,Uttar Pradesh,Electronics
CMP0838,Eastern Industries 0838 Pvt Ltd,29JZ09OWGMF41ZK,Karnataka,IT Services
CMP0839,Vertex Works 0839 Pvt Ltd,247X5RRNYCIH1ZE,Gujarat,Electronics
CMP0840,Prime Suppliers 0840 Pvt Ltd,09HRUWA032601ZL,Uttar Pradesh,Manufacturing
CMP0841,Prime Traders 0841 Pvt Ltd,07SJ84TC2QSI1ZZ,Delhi,Food Processing
CMP0842,Sri Suppliers 0842 Pvt Ltd,33ZG9JJ0076E1ZJ,Tamil Nadu,Manufacturing
CMP0843,Sri Enterprises 0843 Pvt Ltd,33VUQT2LWHED1ZG,Tamil Nadu,Textiles
CMP0844,Eastern Enterprises 0844 Pvt Ltd,08VKAP6ZPXVW1ZY,Rajasthan,Logistics
CMP0845,National Works 0845 Pvt Ltd,37OJWLRKXJTM1ZV,Andhra Pradesh,IT Services
CMP0846,National Suppliers 0846 Pvt Ltd,08P98RL9QFCP1ZJ,Rajasthan,Textiles
CMP0847,Vijaya Suppliers 0847 Pvt Ltd,19Y3GDILK1QY1ZT,West Bengal,Automotive
CMP0848,Global Traders 0848 Pvt Ltd,09F124VF89X21ZY,Uttar Pradesh,Electronics
CMP0849,National Solutions 0849 Pvt Ltd,3374NL03LLU11ZA,Tamil Nadu,Construction
CMP0850,Vertex Traders 0850 Pvt Ltd,37XFQJ3HXJ3A1ZN,Andhra Pradesh,Construction
CMP0851,Green Manufacturing 0851 Pvt Ltd,2402WPJCF07V1ZB,Gujarat,Construction
CMP0852,Sri Traders 0852 Pvt Ltd,199VCCMTPKQ51ZC,West Bengal,Pharmaceuticals
CMP0853,Global Works 0853 Pvt Ltd,07FKHDIU1JTK1ZA,Delhi,Food Processing
CMP0854,Vijaya Works 0854 Pvt Ltd,36N10HLINH8J1ZT,Telangana,Manufacturing
CMP0855,Prime Suppliers 0855 Pvt Ltd,29OORBT6SAPB1ZQ,Karnataka,Pharmaceuticals
CMP0856,Blue Traders 0856 Pvt Ltd,08UW0U92T24D1ZO,Rajasthan,Wholesale
CMP0857,Prime Works 0857 Pvt Ltd,33Y3Q69FLGUQ1ZY,Tamil Nadu,Construction
CMP0858,Vertex Manufacturing 0858 Pvt Ltd,37KWOALF4V1T1ZU,Andhra Pradesh,Automotive
CMP0859,Vijaya Suppliers 0859 Pvt Ltd,095F1HGAV42T1ZC,Uttar Pradesh,Pharmaceuticals
CMP0860,Sri Suppliers 0860 Pvt Ltd,24HKPJ7HME6P1ZM,Gujarat,Manufacturing
CMP0861,Sri Solutions 0861 Pvt Ltd,19BPH1VE8SUS1ZF,West Bengal,Automotive
CMP0862,Blue Suppliers 0862 Pvt Ltd,36V0LG92MJEQ1ZA,Telangana,Construction
CMP0863,Vertex Works 0863 Pvt Ltd,07DMLC8XIZX31ZP,Delhi,Manufacturing
CMP0864,Vijaya Industries 0864 Pvt Ltd,27FIUEFZ1C251ZV,Maharashtra,Electronics
CMP0865,Eastern Solutions 0865 Pvt Ltd,243PGSF3YN721ZA,Gujarat,Logistics
CMP0866,National Solutions 0866 Pvt Ltd,33W6JL2L5B561ZB,Tamil Nadu,IT Services
CMP0867,Eastern Suppliers 0867 Pvt Ltd,07SFA6D9ER941ZR,Delhi,Logistics
CMP0868,Eastern Works 0868 Pvt Ltd,29WLQ6EXNWZR1ZX,Karnataka,Wholesale
CMP0869,Global Enterprises 0869 Pvt Ltd,33S2FX0ZKWIJ1ZX,Tamil Nadu,Electronics
CMP0870,Blue Suppliers 0870 Pvt Ltd,24VS9J6LNF041ZX,Gujarat,Construction
CMP0871,Sri Enterprises 0871 Pvt Ltd,37AW4IOAR4G51ZS,Andhra Pradesh,Construction
CMP0872,Sri Solutions 0872 Pvt Ltd,19WTEK17M6J31ZP,West Bengal,IT Services
CMP0873,Prime Suppliers 0873 Pvt Ltd,1941J2PATD931ZD,West Bengal,IT Services
CMP0874,Global Works 0874 Pvt Ltd,27MQT788G35S1ZE,Maharashtra,Automotive
CMP0875,Sri Suppliers 0875 Pvt Ltd,370S2UTBTTY91ZF,Andhra Pradesh,Pharmaceuticals
CMP0876,Prime Suppliers 0876 Pvt Ltd,29FWW41F7V4K1ZM,Karnataka,Electronics
CMP0877,Green Solutions 0877 Pvt Ltd,076QE7AJUL7W1ZC,Delhi,Manufacturing
CMP0878,Global Enterprises 0878 Pvt Ltd,07RF899OFPVI1ZL,Delhi,Textiles
CMP0879,National Enterprises 0879 Pvt Ltd,336E07FPY1AE1ZJ,Tamil Nadu,IT Services
CMP0880,Eastern Solutions 0880 Pvt Ltd,36IP3TVF51Z51ZB,Telangana,Construction
CMP0881,Prime Suppliers 0881 Pvt Ltd,27QV5Y21ID9V1ZT,Maharashtra,Pharmaceuticals
CMP0882,Blue Works 0882 Pvt Ltd,33ZPCD1406XL1ZV,Tamil Nadu,Electronics
CMP0883,Prime Industries 0883 Pvt Ltd,24D3IRVXD2ZU1ZS,Gujarat,Construction
CMP0884,Green Works 0884 Pvt Ltd,097NVV28UE1M1ZV,Uttar Pradesh,Wholesale
CMP0885,Vertex Suppliers 0885 Pvt Ltd,070M24US73W11ZV,Delhi,Manufacturing
CMP0886,Eastern Enterprises 0886 Pvt Ltd,33A8D7204J3M1ZH,Tamil Nadu,Electronics
CMP0887,Apex Traders 0887 Pvt Ltd,19Q9J2H1TLOM1ZF,West Bengal,Logistics
CMP0888,Vijaya Traders 0888 Pvt Ltd,36W04I3DZXLR1ZF,Telangana,Construction
CMP0889,National Works 0889 Pvt Ltd,33ZM3618LEU61ZW,Tamil Nadu,IT Services
CMP0890,Green Manufacturing 0890 Pvt Ltd,27GWCDZ6X4FM1ZL,Maharashtra,Construction
CMP0891,Vertex Industries 0891 Pvt Ltd,294052W8LI3I1ZE,Karnataka,Electronics
CMP0892,Blue Enterprises 0892 Pvt Ltd,3739IIXHAIAW1ZO,Andhra Pradesh,Construction
CMP0893,Green Manufacturing 0893 Pvt Ltd,08GGSOU6NJ2N1ZZ,Rajasthan,Electronics
CMP0894,Vijaya Traders 0894 Pvt Ltd,0767LM8E49IT1ZE,Delhi,Textiles
CMP0895,Blue Manufacturing 0895 Pvt Ltd,08L3VZZXT9QU1ZB,Rajasthan,Logistics
CMP0896,Blue Solutions 0896 Pvt Ltd,09VC9AQX6RZC1ZL,Uttar Pradesh,Textiles
CMP0897,Eastern Traders 0897 Pvt Ltd,2780ZRZ79HQT1ZV,Maharashtra,Electronics
CMP0898,Sri Manufacturing 0898 Pvt Ltd,242SO19V58B11ZS,Gujarat,Textiles
CMP0899,Eastern Industries 0899 Pvt Ltd,36T00IV1GGXR1ZD,Telangana,Pharmaceuticals
CMP0900,Prime Solutions 0900 Pvt Ltd,36U8NOZEMDMZ1ZI,Telangana,Logistics
CMP0901,Global Traders 0901 Pvt Ltd,36OI9WM1SAV91ZB,Telangana,Pharmaceuticals
CMP0902,Global Industries 0902 Pvt Ltd,368TANA6U48G1ZT,Telangana,Logistics
CMP0903,Green Enterprises 0903 Pvt Ltd,299DYFNGP41S1ZO,Karnataka,Manufacturing
CMP0904,Apex Manufacturing 0904 Pvt Ltd,0952E77DYVGD1ZG,Uttar Pradesh,Wholesale
CMP0905,Eastern Traders 0905 Pvt Ltd,2977TNQETMNI1ZP,Karnataka,Automotive
CMP0906,Apex Traders 0906 Pvt Ltd,07C9R4X1V4DX1ZQ,Delhi,Wholesale
CMP0907,Green Manufacturing 0907 Pvt Ltd,09OTHLQH7PPC1ZA,Uttar Pradesh,Logistics
CMP0908,Vijaya Manufacturing 0908 Pvt Ltd,36RNR2KYB3GD1ZS,Telangana,Wholesale
CMP0909,Global Suppliers 0909 Pvt Ltd,08LBB8NMT3YP1ZQ,Rajasthan,IT Services
CMP0910,Green Traders 0910 Pvt Ltd,29YBHQGHLZRU1ZT,Karnataka,Manufacturing
CMP0911,Vertex Enterprises 0911 Pvt Ltd,376EK6X6LGOI1ZM,Andhra Pradesh,Manufacturing
CMP0912,Global Manufacturing 0912 Pvt Ltd,29IY5PU5WH501ZI,Karnataka,Construction
CMP0913,Vertex Works 0913 Pvt Ltd,37OK63RVWOZQ1ZV,Andhra Pradesh,Automotive
CMP0914,Prime Industries 0914 Pvt Ltd,36F2CTG08ZZK1ZJ,Telangana,Electronics
CMP0915,National Industries 0915 Pvt Ltd,091O5HD4HSBR1ZD,Uttar Pradesh,Automotive
CMP0916,Vertex Enterprises 0916 Pvt Ltd,37DYCPN0P1XS1ZG,Andhra Pradesh,Automotive
CMP0917,Apex Manufacturing 0917 Pvt Ltd,24AF4JGQ6CN81ZQ,Gujarat,Textiles
CMP0918,Global Suppliers 0918 Pvt Ltd,33GXP5CITUF81ZB,Tamil Nadu,Textiles
CMP0919,Vertex Manufacturing 0919 Pvt Ltd,36TWG7NFDINU1ZM,Telangana,Wholesale
CMP0920,Sri Works 0920 Pvt Ltd,36WUCX67XKWQ1ZX,Telangana,Automotive
CMP0921,Eastern Traders 0921 Pvt Ltd,19M9Q7FTMFWG1ZM,West Bengal,Electronics
CMP0922,Vijaya Suppliers 0922 Pvt Ltd,29A2FQZTIO4M1ZM,Karnataka,Construction
CMP0923,Blue Suppliers 0923 Pvt Ltd,07Q8QMXETIZU1ZX,Delhi,Wholesale
CMP0924,Blue Manufacturing 0924 Pvt Ltd,2452NLOQTQ681ZT,Gujarat,Construction
CMP0925,Sri Enterprises 0925 Pvt Ltd,37M6X7P7AHUG1ZX,Andhra Pradesh,Wholesale
CMP0926,Vertex Manufacturing 0926 Pvt Ltd,292HOQ5E7L7W1ZX,Karnataka,Manufacturing
CMP0927,Prime Industries 0927 Pvt Ltd,36A75LD7M08L1ZC,Telangana,Pharmaceuticals
CMP0928,Vijaya Manufacturing 0928 Pvt Ltd,096QMGK2F5FE1ZT,Uttar Pradesh,Construction
CMP0929,Green Manufacturing 0929 Pvt Ltd,29WZK4IE86DB1ZM,Karnataka,Logistics
CMP0930,Blue Enterprises 0930 Pvt Ltd,071V9NPUQARY1ZL,Delhi,Pharmaceuticals
CMP0931,Vijaya Industries 0931 Pvt Ltd,36GWY7D78HWK1ZZ,Telangana,Textiles
CMP0932,Eastern Works 0932 Pvt Ltd,24RWV9NJS96A1ZK,Gujarat,Food Processing
CMP0933,Sri Suppliers 0933 Pvt Ltd,37LQPB01QCTE1ZT,Andhra Pradesh,Manufacturing
CMP0934,Apex Traders 0934 Pvt Ltd,09N6NBYZM2421ZN,Uttar Pradesh,Pharmaceuticals
CMP0935,Vijaya Suppliers 0935 Pvt Ltd,29JGKCQY26561ZA,Karnataka,Food Processing
CMP0936,Sri Industries 0936 Pvt Ltd,36GCUIDC00M61ZC,Telangana,Food Processing
CMP0937,Blue Suppliers 0937 Pvt Ltd,0952DEZH0CD81ZA,Uttar Pradesh,Construction
CMP0938,Sri Industries 0938 Pvt Ltd,33ZNWG3ZRZQ01ZS,Tamil Nadu,Manufacturing
CMP0939,Global Manufacturing 0939 Pvt Ltd,19AGHFT9ZZCG1ZK,West Bengal,Automotive
CMP0940,Vertex Suppliers 0940 Pvt Ltd,294KOXHJMIA61ZV,Karnataka,Electronics
CMP0941,Global Industries 0941 Pvt Ltd,27CR6C1PY6Q91ZV,Maharashtra,Textiles
CMP0942,Eastern Works 0942 Pvt Ltd,246NYYCJ4Q0R1ZP,Gujarat,Electronics
CMP0943,Vijaya Manufacturing 0943 Pvt Ltd,199GVBMQQ7491ZO,West Bengal,Logistics
CMP0944,Global Enterprises 0944 Pvt Ltd,190N852N5FNP1ZV,West Bengal,Food Processing
CMP0945,Eastern Enterprises 0945 Pvt Ltd,29HARJHRF34J1ZG,Karnataka,Logistics
CMP0946,Blue Solutions 0946 Pvt Ltd,09P4RXMD8ZVF1ZQ,Uttar Pradesh,Logistics
CMP0947,Vertex Solutions 0947 Pvt Ltd,33ALFWYPEEK01ZZ,Tamil Nadu,Food Processing
CMP0948,Eastern Solutions 0948 Pvt Ltd,24CQPHLI5L691ZZ,Gujarat,Electronics
CMP0949,Vijaya Manufacturing 0949 Pvt Ltd,082Z682U6ZV31ZH,Rajasthan,Logistics
CMP0950,Blue Industries 0950 Pvt Ltd,09L5NFLTQ6801ZC,Uttar Pradesh,Logistics
CMP0951,Sri Works 0951 Pvt Ltd,071ZN1RIAMWU1ZZ,Delhi,Electronics
CMP0952,Blue Traders 0952 Pvt Ltd,24VT3X8VE00H1ZZ,Gujarat,IT Services
CMP0953,Sri Works 0953 Pvt Ltd,27NZ4KHKBXPN1ZY,Maharashtra,Food Processing
CMP0954,Vertex Manufacturing 0954 Pvt Ltd,19FPL7QHVKVL1ZA,West Bengal,Textiles
CMP0955,Vijaya Manufacturing 0955 Pvt Ltd,37RF3NAPLGW11ZU,Andhra Pradesh,Electronics
CMP0956,Eastern Works 0956 Pvt Ltd,24U5CZECCFS71ZH,Gujarat,Textiles
CMP0957,Vijaya Traders 0957 Pvt Ltd,24CMCOCO2ZTD1ZG,Gujarat,Logistics
CMP0958,Prime Works 0958 Pvt Ltd,296JIXUB4IBH1ZH,Karnataka,Food Processing
CMP0959,Green Traders 0959 Pvt Ltd,29L1YA1RYZTB1ZS,Karnataka,Manufacturing
CMP0960,Sri Manufacturing 0960 Pvt Ltd,33RMC5S3OFAW1ZT,Tamil Nadu,Electronics
CMP0961,Green Traders 0961 Pvt Ltd,27SFHVMLJEKB1ZT,Maharashtra,IT Services
CMP0962,Sri Enterprises 0962 Pvt Ltd,07END7H10KYH1ZS,Delhi,Electronics
CMP0963,Blue Industries 0963 Pvt Ltd,24XI64HAA34H1ZX,Gujarat,Construction
CMP0964,Blue Solutions 0964 Pvt Ltd,24VFRUK94IW51ZA,Gujarat,Wholesale
CMP0965,Apex Traders 0965 Pvt Ltd,377KNUFBHGP51ZC,Andhra Pradesh,Electronics
CMP0966,Apex Traders 0966 Pvt Ltd,0716KJ752H701ZV,Delhi,Manufacturing
CMP0967,Global Industries 0967 Pvt Ltd,19E0Q5ZJAUCY1ZG,West Bengal,Textiles
CMP0968,Vertex Industries 0968 Pvt Ltd,07BPQGA6X85Z1ZX,Delhi,Logistics
CMP0969,National Industries 0969 Pvt Ltd,33Y8GY39BU4U1ZW,Tamil Nadu,Logistics
CMP0970,Apex Traders 0970 Pvt Ltd,33NVQRFXNTF01ZL,Tamil Nadu,Construction
CMP0971,Eastern Solutions 0971 Pvt Ltd,29N91FY6YO8D1ZI,Karnataka,Food Processing
CMP0972,Vijaya Suppliers 0972 Pvt Ltd,24Q15FBS4WVT1ZX,Gujarat,Food Processing
CMP0973,Global Works 0973 Pvt Ltd,0923O359TSUJ1ZR,Uttar Pradesh,Food Processing
CMP0974,Vijaya Solutions 0974 Pvt Ltd,33E02TOXOU0Y1ZD,Tamil Nadu,Automotive
CMP0975,Global Works 0975 Pvt Ltd,19Y1Z682R6ZL1ZY,West Bengal,Construction
CMP0976,Sri Manufacturing 0976 Pvt Ltd,27W8GAKH3YCQ1ZD,Maharashtra,Construction
CMP0977,Vertex Industries 0977 Pvt Ltd,24ZKNHPVRWBR1ZB,Gujarat,Logistics
CMP0978,Vijaya Industries 0978 Pvt Ltd,24JR211PV58Y1ZA,Gujarat,Construction
CMP0979,Blue Works 0979 Pvt Ltd,376RTC0Z7Q0I1ZP,Andhra Pradesh,Manufacturing
CMP0980,National Manufacturing 0980 Pvt Ltd,2414HOAE527P1ZQ,Gujarat,Food Processing
CMP0981,National Suppliers 0981 Pvt Ltd,19U2T0JESGQ41ZB,West Bengal,Electronics
CMP0982,Vijaya Solutions 0982 Pvt Ltd,09DF4HRA13611ZB,Uttar Pradesh,Electronics
CMP0983,Sri Traders 0983 Pvt Ltd,295VRZ38EFE91ZT,Karnataka,Wholesale
CMP0984,Blue Solutions 0984 Pvt Ltd,37NZASYWDRKU1ZN,Andhra Pradesh,Textiles
CMP0985,Prime Traders 0985 Pvt Ltd,365XRSI7EADG1ZG,Telangana,Logistics
CMP0986,Vijaya Manufacturing 0986 Pvt Ltd,08JC2GOUIFEZ1ZA,Rajasthan,Pharmaceuticals
CMP0987,Green Works 0987 Pvt Ltd,37ASJTK3LIRH1ZV,Andhra Pradesh,Logistics
CMP0988,Blue Enterprises 0988 Pvt Ltd,19DNWT2FES5C1ZQ,West Bengal,Textiles
CMP0989,Global Enterprises 0989 Pvt Ltd,09WOW73O1BLO1ZG,Uttar Pradesh,Pharmaceuticals
CMP0990,Blue Manufacturing 0990 Pvt Ltd,074I6R8SO5WI1ZQ,Delhi,Electronics
CMP0991,Prime Solutions 0991 Pvt Ltd,19VPUZ11BJKX1ZK,West Bengal,Electronics
CMP0992,Eastern Traders 0992 Pvt Ltd,0874QR14VUYV1ZZ,Rajasthan,Wholesale
CMP0993,Blue Traders 0993 Pvt Ltd,29DRMSWJJJKS1ZK,Karnataka,Pharmaceuticals
CMP0994,Eastern Enterprises 0994 Pvt Ltd,33ML3SOJPX161ZE,Tamil Nadu,Electronics
CMP0995,Vijaya Suppliers 0995 Pvt Ltd,33TL2UG05WH21ZK,Tamil Nadu,Food Processing
CMP0996,Vijaya Enterprises 0996 Pvt Ltd,19OZ7QMJCENT1ZM,West Bengal,Manufacturing
CMP0997,Sri Works 0997 Pvt Ltd,3677Q9VJUHBP1ZP,Telangana,Wholesale
CMP0998,Blue Solutions 0998 Pvt Ltd,36NEGN2B4JTJ1ZZ,Telangana,Textiles
CMP0999,Sri Industries 0999 Pvt Ltd,076UAMWJPIWU1ZI,Delhi,IT Services
CMP1000,Sri Enterprises 1000 Pvt Ltd,24AV1G8NTAFU1ZT,Gujarat,Electronics
